#include "NBGeneratedShortNumberMetaData.h"

z_const Bytef kShortNumberMetaData[] = {
  0x1f, 0x8b, 0x08, 0x08, 0xc8, 0x01, 0xa6, 0x69, 0x00, 0x03, 0x53, 0x68,
  0x6f, 0x72, 0x74, 0x4e, 0x75, 0x6d, 0x62, 0x65, 0x72, 0x4d, 0x65, 0x74,
  0x61, 0x44, 0x61, 0x74, 0x61, 0x2e, 0x6a, 0x73, 0x6f, 0x6e, 0x00, 0xed,
  0x7d, 0xdb, 0x8e, 0xdc, 0x48, 0x92, 0xe5, 0xfb, 0x7e, 0x46, 0x3e, 0x65,
  0x00, 0x4a, 0x80, 0x7e, 0x25, 0xd9, 0x2f, 0xc2, 0x28, 0x25, 0x65, 0xa9,
  0xa4, 0xcc, 0xce, 0x52, 0x4a, 0xaa, 0x4b, 0x28, 0x1e, 0x1a, 0xdb, 0x8d,
  0xc5, 0x02, 0x83, 0xe9, 0xc5, 0x62, 0xe6, 0x61, 0x51, 0xac, 0x7f, 0x5f,
  0x3f, 0x66, 0xce, 0xb8, 0x90, 0xe6, 0x0c, 0x46, 0xa4, 0xd3, 0xa5, 0xe8,
  0x9a, 0xe9, 0xe9, 0xec, 0xaa, 0x88, 0xa0, 0xd3, 0xcd, 0x69, 0x74, 0xb7,
  0xcb, 0xb1, 0x63, 0xbf, 0x5f, 0xfd, 0xcf, 0x7f, 0xfe, 0xd7, 0x7f, 0xfc,
  0xe7, 0xff, 0xfd, 0x7f, 0xb7, 0xff, 0xfc, 0xfb, 0x3f, 0x3e, 0xfd, 0xf3,
  0xe3, 0x3f, 0xfe, 0xd7, 0xff, 0xfe, 0xe7, 0x7f, 0xe0, 0x9f, 0xef, 0xff,
  0xf6, 0x7f, 0xae, 0xfe, 0xf2, 0xfb, 0x55, 0x75, 0xf5, 0x97, 0xf5, 0xd5,
  0xbf, 0xdd, 0x5e, 0xbd, 0xb8, 0xfa, 0xb7, 0xd7, 0xf8, 0xf3, 0x06, 0x7f,
  0xde, 0xe2, 0xcf, 0x1d, 0xfe, 0xbc, 0xc3, 0x9f, 0x0f, 0xf8, 0x73, 0x8f,
  0x3f, 0x7f, 0xc5, 0x9f, 0x8f, 0xf8, 0xf3, 0x84, 0x3f, 0x9f, 0xf0, 0xe7,
  0x33, 0xfe, 0xfc, 0x8c, 0x3f, 0xbf, 0xe0, 0xcf, 0x6f, 0xe1, 0xcf, 0xab,
  0x7f, 0xc3, 0x9f, 0x57, 0xf8, 0x83, 0x41, 0x5f, 0x61, 0xd0, 0x57, 0x18,
  0xf4, 0x15, 0x06, 0x7d, 0xf5, 0x03, 0xfe, 0x60, 0xe4, 0x57, 0x3f, 0xe2,
  0x0f, 0x86, 0x7f, 0x85, 0xe1, 0x5f, 0x3d, 0xe0, 0x0f, 0xee, 0xf1, 0xea,
  0x27, 0xfc, 0xc1, 0x8d, 0x5e, 0xe1, 0x46, 0xaf, 0x70, 0xa3, 0x57, 0xb8,
  0xc7, 0xab, 0x5f, 0xf1, 0x07, 0xf7, 0xb8, 0xc5, 0x3d, 0x6e, 0x31, 0xf1,
  0x5b, 0xdc, 0xe3, 0x16, 0xc3, 0xdf, 0x62, 0xf8, 0x5b, 0x0c, 0x7f, 0x8b,
  0xe1, 0x6f, 0xdf, 0xe3, 0x0f, 0x86, 0xbf, 0xc5, 0xf0, 0xb7, 0x18, 0xfe,
  0x16, 0xc3, 0xdf, 0x62, 0xe4, 0x5b, 0x4c, 0xfc, 0xf6, 0x0b, 0xfe, 0x60,
  0xe4, 0x5b, 0xcc, 0xfe, 0x16, 0xc3, 0xdf, 0x62, 0xf8, 0xd7, 0x98, 0xf3,
  0x6b, 0xcc, 0xef, 0x35, 0x46, 0x79, 0x8d, 0x01, 0x5e, 0xe3, 0xda, 0xd7,
  0xf8, 0xf6, 0x0d, 0xee, 0xfb, 0x06, 0x3f, 0x79, 0x83, 0x5b, 0xbe, 0xc1,
  0x2d, 0xdf, 0x60, 0xd0, 0x37, 0x98, 0xee, 0x1b, 0x4c, 0xf7, 0x2d, 0x66,
  0xf0, 0x16, 0x03, 0xbc, 0xc5, 0x00, 0x6f, 0x31, 0xc0, 0x5b, 0x0c, 0xf0,
  0x16, 0xbf, 0xbb, 0xc3, 0xec, 0xef, 0xb0, 0x42, 0x77, 0x98, 0xfd, 0x1d,
  0x86, 0xba, 0x83, 0x08, 0x77, 0x18, 0xef, 0x0e, 0xe3, 0xdd, 0x61, 0x80,
  0x3b, 0xcc, 0xfe, 0x0e, 0xd7, 0xde, 0x61, 0xf6, 0x77, 0x8f, 0xf8, 0x43,
  0x03, 0xe0, 0x1e, 0x77, 0x10, 0xe1, 0x0e, 0xb3, 0xbf, 0xc3, 0xc4, 0x7f,
  0xc0, 0x8d, 0x7e, 0xc0, 0xef, 0x7e, 0xc0, 0x4f, 0x7e, 0xc0, 0x4f, 0x7e,
  0xc0, 0x4f, 0xde, 0xe1, 0x1e, 0xef, 0x70, 0x8f, 0x77, 0x18, 0xef, 0x1d,
  0xc6, 0x7b, 0x87, 0xdf, 0xbd, 0xc3, 0x3a, 0xbf, 0xc3, 0x8f, 0xdf, 0x61,
  0xe2, 0xef, 0x70, 0xc5, 0x8f, 0xf8, 0xdd, 0x8f, 0xf8, 0xc9, 0x8f, 0x98,
  0xee, 0x8f, 0xb8, 0xe5, 0x7b, 0x7c, 0xf6, 0x1e, 0x53, 0x7b, 0x8f, 0xa9,
  0xbd, 0xc7, 0xd4, 0xde, 0xe3, 0x27, 0xef, 0x31, 0xca, 0x7b, 0xfa, 0x09,
  0x46, 0x79, 0x8f, 0xb9, 0xbc, 0xc7, 0x5c, 0xde, 0x63, 0x99, 0x3e, 0x40,
  0xca, 0x0f, 0x90, 0xf2, 0x03, 0x16, 0xec, 0x03, 0x2e, 0xfb, 0x80, 0x49,
  0x7e, 0xc0, 0x8f, 0x3f, 0xe0, 0x96, 0x1f, 0x70, 0xcb, 0x0f, 0x98, 0xe4,
  0x07, 0x3c, 0x8a, 0x0f, 0xb8, 0xf6, 0x1e, 0x97, 0xdd, 0xe3, 0x8a, 0x7b,
  0x4c, 0xfc, 0x1e, 0x37, 0xbf, 0xc7, 0xe2, 0xdc, 0x63, 0x06, 0xf7, 0x98,
  0xc1, 0x3d, 0x46, 0xb9, 0x87, 0x30, 0xf7, 0x98, 0xc6, 0x3d, 0xa6, 0x71,
  0x8f, 0xe9, 0xde, 0x63, 0x2e, 0xf7, 0x10, 0xeb, 0x1e, 0xf7, 0xb8, 0xc7,
  0x3d, 0xee, 0x71, 0x8f, 0x7b, 0xdc, 0xe3, 0x1e, 0xf7, 0xb8, 0xc7, 0x24,
  0xef, 0xf1, 0xb8, 0xef, 0xe9, 0x6e, 0x98, 0xe9, 0x03, 0x6e, 0xf9, 0x80,
  0x5b, 0x3e, 0xe0, 0x6e, 0x0f, 0xb8, 0xdb, 0x03, 0xee, 0xf6, 0x80, 0x39,
  0x3f, 0xe0, 0x46, 0x0f, 0x18, 0xfe, 0x01, 0xc3, 0x3f, 0x60, 0xe4, 0x07,
  0x8c, 0xf7, 0x80, 0x6b, 0xff, 0x8a, 0x19, 0x3c, 0x62, 0x80, 0x47, 0x5c,
  0xfb, 0x88, 0x6b, 0x1f, 0x71, 0xed, 0x23, 0x66, 0xfa, 0x88, 0x99, 0x3e,
  0x62, 0x80, 0x47, 0xfa, 0x1d, 0xae, 0x7d, 0xc4, 0xac, 0x1e, 0x31, 0xab,
  0x47, 0xcc, 0xe5, 0x11, 0xd3, 0xf8, 0x09, 0x03, 0x7c, 0xc4, 0x00, 0x1f,
  0x71, 0xa3, 0x8f, 0xf8, 0xc9, 0x47, 0xdc, 0xe3, 0x23, 0x7e, 0xf2, 0x84,
  0x6f, 0x9f, 0xb0, 0x92, 0x4f, 0x98, 0xe4, 0x13, 0xd6, 0xe5, 0x09, 0x3f,
  0x7e, 0xc2, 0x8d, 0x9e, 0x70, 0xa3, 0x27, 0xcc, 0xf4, 0x09, 0x0a, 0xf7,
  0x84, 0x5b, 0x3e, 0xe1, 0x96, 0x4f, 0xb8, 0xe5, 0x13, 0x16, 0xe7, 0x09,
  0x83, 0x3e, 0xe1, 0xe6, 0x4f, 0x18, 0xf9, 0x09, 0x37, 0x7f, 0xc2, 0x6a,
  0x3c, 0x61, 0x21, 0x9e, 0x30, 0x83, 0x27, 0x08, 0xf3, 0x09, 0xc3, 0x7f,
  0xc2, 0xf0, 0x9f, 0x30, 0xf2, 0x27, 0x8c, 0xfc, 0x09, 0x83, 0x7e, 0xc2,
  0x78, 0x9f, 0x30, 0xde, 0x27, 0x8c, 0xf7, 0x09, 0xe3, 0x7d, 0xc2, 0x78,
  0x9f, 0x30, 0xd4, 0x27, 0x0c, 0xf5, 0x09, 0x33, 0xfd, 0x84, 0x51, 0x3e,
  0x63, 0xba, 0x9f, 0x31, 0xc0, 0x67, 0xdc, 0xed, 0x33, 0x86, 0xff, 0x8c,
  0x2f, 0xbe, 0xe0, 0x8b, 0x2f, 0xb8, 0xc7, 0x17, 0xcc, 0xfe, 0x0b, 0x7e,
  0xf2, 0x05, 0x13, 0xff, 0x82, 0x41, 0xbf, 0x40, 0xde, 0x9f, 0xb1, 0x7e,
  0x3f, 0xe3, 0xb2, 0x5f, 0x20, 0xc7, 0xaf, 0xf8, 0xdd, 0xaf, 0xb8, 0xc7,
  0x6f, 0xb8, 0xf6, 0x37, 0xcc, 0xe0, 0xb7, 0x9f, 0xaf, 0x36, 0x7f, 0xbc,
  0xe8, 0x77, 0xb6, 0x4f, 0xff, 0xbc, 0xff, 0xc7, 0x7f, 0xfe, 0xed, 0xef,
  0x7f, 0xfb, 0xcf, 0xbf, 0x61, 0x43, 0x0b, 0x7b, 0xd9, 0x5f, 0xd6, 0xff,
  0xf1, 0x5f, 0xff, 0xfe, 0xef, 0x2f, 0xf8, 0x2f, 0xfd, 0xb9, 0x6a, 0xbf,
  0x7e, 0xfd, 0x7b, 0xf8, 0xff, 0xab, 0x17, 0xbb, 0xcf, 0xa4, 0x3f, 0x6b,
  0xb3, 0xd9, 0xec, 0xff, 0xeb, 0xfe, 0x08, 0xd7, 0x2f, 0xff, 0xa2, 0x54,
  0xd7, 0xb6, 0xab, 0xd1, 0x20, 0x57, 0xad, 0x52, 0x57, 0x9b, 0xfd, 0x5f,
  0xcf, 0xf8, 0xb3, 0xbe, 0x51, 0x07, 0xf7, 0xe2, 0x91, 0xb0, 0x13, 0x9f,
  0x34, 0xcc, 0xec, 0xdb, 0x9d, 0x24, 0x4a, 0x21, 0xe9, 0xcf, 0x5e, 0xb1,
  0x33, 0x2e, 0xdc, 0xd0, 0x09, 0x27, 0xa8, 0x86, 0x7a, 0xb6, 0x6a, 0x28,
  0xb5, 0xae, 0xb4, 0x6f, 0x36, 0xe3, 0xa5, 0x51, 0xaa, 0xca, 0xa5, 0x18,
  0xaf, 0x0b, 0x28, 0xc6, 0x31, 0x41, 0x8a, 0x48, 0x5e, 0x5a, 0x29, 0xde,
  0x48, 0x4a, 0xb1, 0x56, 0xb6, 0xdd, 0x04, 0xad, 0xf8, 0x5d, 0xbf, 0x30,
  0x7f, 0x1c, 0x57, 0x8d, 0x17, 0x76, 0x42, 0x39, 0x74, 0x78, 0x6d, 0xd6,
  0xf5, 0x4d, 0x2b, 0xae, 0x92, 0xbe, 0x3a, 0x18, 0xe8, 0x39, 0xf2, 0xef,
  0x6b, 0xcb, 0x9b, 0x22, 0xda, 0x72, 0xa2, 0x64, 0xe2, 0x08, 0xd6, 0xba,
  0xb5, 0xf2, 0x9b, 0xe9, 0x91, 0xbe, 0x9d, 0x26, 0x5d, 0x85, 0xf9, 0x49,
  0xbb, 0x03, 0x3e, 0xaf, 0x0e, 0x24, 0xb4, 0xac, 0x4e, 0x6f, 0x13, 0xea,
  0xb4, 0xe1, 0x6d, 0x26, 0xec, 0xa3, 0xa4, 0x56, 0x7f, 0xac, 0x5e, 0xce,
  0x50, 0x2b, 0x97, 0x56, 0xab, 0x30, 0x50, 0x15, 0x5e, 0xbe, 0x4d, 0xa7,
  0xa4, 0x3d, 0x59, 0x55, 0xd5, 0x32, 0x8a, 0xf5, 0xb6, 0x84, 0x62, 0x9d,
  0x2e, 0xdb, 0xf4, 0x18, 0x9d, 0xad, 0xc2, 0x7f, 0xe4, 0x91, 0x9e, 0xad,
  0x5a, 0x57, 0x61, 0xe8, 0xc4, 0x11, 0x82, 0xaf, 0x06, 0x93, 0x75, 0xa2,
  0x8e, 0x9d, 0x38, 0xc2, 0x86, 0xdc, 0x33, 0x51, 0xcf, 0xda, 0x4d, 0x2e,
  0x4b, 0xa7, 0x69, 0x16, 0x37, 0x76, 0xee, 0xbe, 0x4f, 0x63, 0x47, 0xd5,
  0xbe, 0x3b, 0xb2, 0x08, 0xe1, 0x27, 0x19, 0x34, 0x07, 0xa3, 0x24, 0x86,
  0x96, 0x26, 0x95, 0xf8, 0xed, 0x86, 0xfc, 0xf4, 0xc5, 0xb5, 0x61, 0x59,
  0x55, 0x78, 0x57, 0x42, 0x15, 0xc2, 0x74, 0xcf, 0xd2, 0x81, 0x0b, 0x50,
  0x80, 0x0f, 0xb2, 0x02, 0xb8, 0x68, 0xc4, 0xb8, 0x59, 0x46, 0xcc, 0x0b,
  0xf7, 0xc2, 0x4f, 0x9e, 0x38, 0xf8, 0xaf, 0xee, 0xfc, 0xba, 0x52, 0x51,
  0xb1, 0x56, 0x9d, 0xa6, 0x63, 0xbb, 0x33, 0xb8, 0x57, 0x67, 0x95, 0xb4,
  0x54, 0x43, 0x53, 0x80, 0x6e, 0xb2, 0x3f, 0x34, 0x4e, 0xd8, 0xdf, 0xed,
  0x78, 0x8a, 0x57, 0xae, 0xaa, 0x52, 0xfb, 0xe7, 0xbe, 0xf2, 0x7c, 0x28,
  0x74, 0x28, 0x05, 0x73, 0x85, 0xc5, 0x9d, 0x23, 0x65, 0xea, 0x54, 0xc2,
  0x7f, 0x3d, 0x4e, 0xa7, 0xaa, 0xea, 0xe8, 0x94, 0xf2, 0x5d, 0x50, 0x32,
  0x6d, 0x56, 0xab, 0xae, 0xe9, 0x17, 0xd5, 0x63, 0x45, 0xba, 0xa6, 0x5d,
  0x2b, 0xbd, 0x59, 0x75, 0x71, 0x79, 0xe8, 0xd7, 0x6b, 0x65, 0xd8, 0x32,
  0x0d, 0x33, 0xd1, 0xa9, 0x99, 0xe4, 0x38, 0xd5, 0x94, 0x36, 0xc2, 0xd0,
  0x87, 0x1f, 0x26, 0x84, 0x34, 0xaa, 0x4b, 0x3e, 0xd1, 0xf0, 0xe5, 0x40,
  0x19, 0xe2, 0x79, 0x76, 0x9f, 0xb0, 0x9b, 0x9a, 0xa8, 0xc1, 0xc2, 0x60,
  0xa2, 0x06, 0xa7, 0xf5, 0xb7, 0x5a, 0xab, 0x1b, 0x23, 0x19, 0x98, 0x95,
  0x1a, 0x09, 0x95, 0x65, 0x4f, 0xbb, 0x2f, 0xa1, 0x96, 0xa7, 0x48, 0x35,
  0xba, 0x1a, 0xea, 0xd8, 0x35, 0x61, 0x84, 0x7a, 0xb3, 0x62, 0xdd, 0xfb,
  0x57, 0x34, 0x95, 0xfe, 0xba, 0x98, 0xdb, 0xaf, 0x8d, 0xcb, 0xea, 0xb1,
  0x8c, 0x54, 0xe8, 0xaf, 0x65, 0xbc, 0xfe, 0x29, 0x39, 0x4a, 0xc8, 0x5d,
  0xda, 0xe7, 0xff, 0x28, 0x6e, 0x36, 0x95, 0x32, 0x0d, 0x7b, 0xfd, 0x6a,
  0xce, 0x76, 0xa3, 0x5f, 0x4c, 0x6f, 0x38, 0xdb, 0x0d, 0x7e, 0x5d, 0xdd,
  0x18, 0x17, 0x5e, 0xb1, 0x0e, 0xd1, 0x12, 0x1b, 0x8e, 0x49, 0x1d, 0x6e,
  0xe5, 0x70, 0x66, 0xda, 0xf0, 0xa1, 0x0d, 0x7f, 0x9b, 0xe0, 0xff, 0xae,
  0x3a, 0xd1, 0x3e, 0x51, 0xed, 0xd5, 0xe0, 0xa6, 0xb9, 0xb6, 0xa7, 0x8f,
  0x65, 0xb6, 0xa7, 0x4a, 0x05, 0x21, 0x65, 0xd1, 0xe6, 0x38, 0x72, 0xf2,
  0x2a, 0xde, 0xa4, 0x57, 0xd1, 0x98, 0x5a, 0x87, 0xa3, 0xd3, 0x98, 0x26,
  0xb9, 0xa0, 0xcf, 0xdf, 0xc8, 0xc2, 0xf8, 0xa9, 0x6d, 0x28, 0x7c, 0x35,
  0x67, 0x23, 0x0b, 0x22, 0x85, 0x99, 0x76, 0x3c, 0xd0, 0x4a, 0x1c, 0x29,
  0x7c, 0x3f, 0x08, 0x31, 0xf4, 0x87, 0xe5, 0x93, 0xa8, 0xbf, 0xb6, 0xcd,
  0x1c, 0x64, 0x38, 0x66, 0xfb, 0x0f, 0x1f, 0x5e, 0x16, 0xb5, 0x7c, 0xfa,
  0x96, 0x9e, 0xc0, 0x51, 0x75, 0xa4, 0xe3, 0x71, 0xd2, 0x33, 0xf8, 0xb6,
  0xe1, 0xf0, 0xb3, 0x0e, 0xc8, 0x4f, 0xb2, 0xed, 0x85, 0xc8, 0x6e, 0x5e,
  0xf7, 0x01, 0xf6, 0x73, 0xa5, 0x4d, 0x83, 0xb7, 0xb6, 0x32, 0x78, 0x6b,
  0xab, 0x1b, 0x1d, 0x5e, 0xdf, 0x15, 0xbd, 0xe2, 0xca, 0xf7, 0x36, 0xc8,
  0xda, 0x35, 0x1b, 0xf9, 0x9d, 0x18, 0x3b, 0x13, 0x76, 0xe8, 0x4e, 0x9c,
  0xaf, 0x7a, 0x9f, 0x0a, 0xf9, 0x11, 0x30, 0xeb, 0x75, 0xd8, 0xa8, 0x3a,
  0x6b, 0x9f, 0xeb, 0x49, 0x04, 0x6f, 0x8c, 0x7c, 0x89, 0x75, 0xe5, 0x37,
  0xbc, 0x88, 0x35, 0xf9, 0x12, 0xab, 0xe1, 0x4a, 0xe3, 0xb6, 0xbc, 0xd8,
  0x9d, 0x5b, 0x57, 0x61, 0xdf, 0x6c, 0x6c, 0xf8, 0x11, 0x46, 0x20, 0x1f,
  0xc4, 0x77, 0xba, 0x0a, 0x7e, 0x47, 0xd0, 0x69, 0x55, 0x35, 0x64, 0x52,
  0xae, 0xaa, 0x85, 0x4e, 0xf8, 0x2b, 0xad, 0x2b, 0x3c, 0x65, 0xaf, 0x2a,
  0xba, 0x7f, 0x70, 0x80, 0xc2, 0x4d, 0xe3, 0x2e, 0x28, 0x3e, 0x74, 0x2f,
  0x67, 0x1f, 0xc2, 0x95, 0xa9, 0x2b, 0xc2, 0x57, 0xb2, 0xaa, 0x7f, 0x96,
  0x4f, 0xfe, 0x1b, 0x5d, 0x47, 0x55, 0xaf, 0x67, 0xab, 0xfa, 0x8b, 0xfa,
  0x45, 0x73, 0xfc, 0xf0, 0x0f, 0xde, 0x5d, 0xd0, 0x7a, 0xd7, 0x34, 0x8d,
  0xeb, 0x9c, 0x23, 0xef, 0xae, 0x36, 0x82, 0x6b, 0x35, 0x74, 0x74, 0x71,
  0x93, 0x7a, 0xe8, 0x93, 0xc5, 0xc7, 0x65, 0x6c, 0x67, 0x9d, 0x0f, 0x06,
  0x03, 0x79, 0x59, 0x2f, 0xfc, 0x1f, 0x92, 0x16, 0x69, 0x63, 0x87, 0x87,
  0x87, 0x30, 0xe7, 0xa8, 0xf9, 0x9f, 0x0b, 0x68, 0xfe, 0xc1, 0x92, 0x08,
  0x33, 0x1e, 0xad, 0xc0, 0xa4, 0x39, 0xe0, 0xf9, 0x7f, 0xaa, 0x4e, 0x77,
  0xed, 0xda, 0xfa, 0xb0, 0x85, 0x90, 0x22, 0x2b, 0x4b, 0xca, 0xdb, 0x05,
  0x13, 0x95, 0xbc, 0xe4, 0xf0, 0x99, 0x25, 0x6f, 0x74, 0xd5, 0x67, 0x73,
  0x3a, 0xdf, 0xac, 0x7d, 0xb0, 0xf3, 0xba, 0x5a, 0x93, 0xf6, 0x75, 0xa6,
  0xf7, 0xba, 0x1b, 0x7a, 0x47, 0x94, 0xb9, 0x89, 0x0e, 0x76, 0x78, 0x3f,
  0x9c, 0x73, 0x7b, 0xab, 0xdc, 0x69, 0xed, 0xba, 0x9a, 0x4e, 0xee, 0xce,
  0xd7, 0x09, 0x11, 0xc6, 0x8f, 0x2c, 0x18, 0x2c, 0x71, 0x44, 0x1b, 0x1e,
  0x7d, 0x1c, 0xc5, 0xd7, 0x82, 0xd6, 0x6a, 0x77, 0x6c, 0x73, 0x63, 0x1d,
  0xd8, 0x57, 0x27, 0xe1, 0xd1, 0xbb, 0x61, 0x6a, 0x82, 0x34, 0x69, 0xbc,
  0x87, 0x6c, 0x25, 0x93, 0xac, 0xa4, 0x51, 0xe8, 0x25, 0x2a, 0xcf, 0x86,
  0xe0, 0x3e, 0x4b, 0x85, 0x1b, 0x83, 0x4d, 0x98, 0x36, 0x16, 0x33, 0x6d,
  0xf3, 0x3f, 0x17, 0x31, 0x7c, 0x27, 0xe5, 0x18, 0xff, 0x9e, 0x95, 0x59,
  0x35, 0x41, 0x33, 0xe0, 0x09, 0xac, 0x95, 0xec, 0xd4, 0x67, 0x09, 0xed,
  0x64, 0x8b, 0x3a, 0xfe, 0x22, 0xeb, 0x41, 0x9d, 0x3b, 0xd9, 0x75, 0x78,
  0x22, 0x8a, 0x1f, 0xe6, 0x33, 0x40, 0x7f, 0x29, 0x93, 0x3b, 0x7d, 0x46,
  0xce, 0xb4, 0x76, 0xb0, 0x20, 0x52, 0x67, 0xdf, 0xe5, 0xb8, 0xe1, 0xbf,
  0x1d, 0x89, 0xf9, 0x3d, 0x37, 0xf5, 0x4e, 0x6e, 0x23, 0x1d, 0x07, 0xe2,
  0x81, 0xb3, 0x58, 0xe0, 0xef, 0xb7, 0x62, 0x49, 0xd2, 0xd3, 0x84, 0x3b,
  0x32, 0x08, 0x1d, 0x96, 0xc1, 0xbb, 0x69, 0x9a, 0x4a, 0x34, 0xfe, 0xaa,
  0x0c, 0x8e, 0xcd, 0xd5, 0xde, 0x3d, 0x92, 0x4e, 0xca, 0x30, 0xaf, 0x3e,
  0x9e, 0xf8, 0x39, 0xa3, 0x6c, 0x08, 0x98, 0x9a, 0x08, 0x05, 0x66, 0x74,
  0x72, 0x60, 0x94, 0xfe, 0x1e, 0xec, 0x0c, 0x04, 0xe8, 0xad, 0x18, 0xa0,
  0xd7, 0x47, 0x12, 0x22, 0x67, 0x6b, 0x1e, 0x80, 0xb7, 0xcb, 0x6b, 0x1e,
  0x0b, 0x36, 0x43, 0xae, 0xa4, 0xe3, 0x32, 0xf4, 0x59, 0x70, 0x64, 0x70,
  0x0a, 0x44, 0xc7, 0x50, 0x4f, 0x0d, 0x13, 0x0e, 0x51, 0x1e, 0x0f, 0xe3,
  0x1c, 0xe6, 0x1d, 0x8c, 0x33, 0x83, 0x4f, 0xea, 0x9d, 0xab, 0x10, 0xfd,
  0xc6, 0x06, 0x69, 0x99, 0xa6, 0x0f, 0x61, 0x8f, 0xcf, 0x1a, 0x9a, 0xd9,
  0x45, 0x6c, 0x89, 0xaf, 0x5e, 0x89, 0x5b, 0xa2, 0xbe, 0xf1, 0x4d, 0x8e,
  0x5c, 0x6e, 0xd3, 0xc0, 0x30, 0x76, 0xed, 0x46, 0xb2, 0x4c, 0x74, 0xb6,
  0x6c, 0x2e, 0xa0, 0xdf, 0x8b, 0xab, 0xe1, 0x31, 0x41, 0x12, 0xd2, 0xd3,
  0x4a, 0xe6, 0x15, 0xff, 0x30, 0x08, 0xe7, 0x1b, 0x71, 0x78, 0x2b, 0x4e,
  0xea, 0x14, 0xd5, 0x10, 0xd1, 0x8b, 0x6b, 0xe5, 0xea, 0x36, 0x63, 0x8a,
  0x8c, 0x5e, 0xb6, 0x0e, 0xa6, 0x7c, 0xdb, 0x4a, 0x47, 0xc0, 0x32, 0xb0,
  0xa2, 0x57, 0x45, 0xd0, 0x8d, 0x24, 0xdd, 0x69, 0xc2, 0x8d, 0x07, 0xc1,
  0xfe, 0xc4, 0xb1, 0x14, 0xe3, 0x5b, 0xc4, 0x52, 0x54, 0xd8, 0x0b, 0xbb,
  0x3a, 0xfc, 0x7b, 0xf8, 0x9f, 0x06, 0x77, 0x68, 0x11, 0xce, 0x5a, 0x2b,
  0x8f, 0xb4, 0xb8, 0x8e, 0x29, 0x5b, 0x8a, 0x56, 0x87, 0xcd, 0x6b, 0xd5,
  0x19, 0x6c, 0x58, 0xd8, 0xa5, 0xc2, 0xce, 0x66, 0x6e, 0xb0, 0xb1, 0x39,
  0x4e, 0xe4, 0x76, 0xae, 0x82, 0x69, 0xd7, 0xf8, 0xae, 0x75, 0xad, 0x8d,
  0xb3, 0xec, 0xfa, 0xfb, 0xb9, 0xaa, 0xf3, 0xb4, 0xe1, 0x21, 0x6a, 0x84,
  0xcf, 0x3a, 0x0c, 0xb2, 0x4a, 0x04, 0xc9, 0xf2, 0xb8, 0x09, 0x1c, 0xe4,
  0xd4, 0x70, 0x45, 0x68, 0xfb, 0x0d, 0x13, 0xc4, 0xdc, 0x70, 0x4f, 0xcc,
  0x53, 0xb2, 0x3c, 0x87, 0xc9, 0x5d, 0xf1, 0xf0, 0x0e, 0x63, 0x88, 0xd3,
  0x0e, 0x9f, 0x8b, 0x87, 0x76, 0x02, 0xa1, 0x79, 0x73, 0x18, 0xee, 0xde,
  0x73, 0x36, 0x66, 0xb9, 0x1b, 0xf6, 0xc8, 0x39, 0x1e, 0x13, 0x0e, 0x0d,
  0x27, 0x1c, 0xf0, 0xac, 0x6b, 0x0e, 0x61, 0xd6, 0xf5, 0xaa, 0x6b, 0x94,
  0xa1, 0x25, 0x51, 0xca, 0x77, 0xcd, 0x8a, 0x0f, 0xfc, 0x19, 0xcf, 0x81,
  0xbd, 0x77, 0x0e, 0xc8, 0x55, 0x2b, 0xdb, 0xc5, 0x20, 0xde, 0x5a, 0xdb,
  0x8d, 0x42, 0xa0, 0x4e, 0x85, 0x85, 0x0e, 0xda, 0x50, 0xf7, 0x92, 0x25,
  0x1e, 0xaf, 0xae, 0xac, 0x6c, 0x22, 0xed, 0xbf, 0x52, 0x45, 0x20, 0xa0,
  0xbc, 0x4e, 0x2a, 0x69, 0x83, 0xce, 0x47, 0xea, 0xd1, 0x42, 0x7b, 0x85,
  0xf0, 0x25, 0x2f, 0xb3, 0xa1, 0x70, 0x25, 0xde, 0x18, 0x15, 0x54, 0x5e,
  0xd9, 0xce, 0x71, 0x28, 0xc5, 0xd1, 0x4b, 0x07, 0xcb, 0x00, 0x6f, 0xca,
  0x8a, 0xe2, 0x9f, 0x78, 0xdd, 0x82, 0xc5, 0x60, 0x7c, 0x78, 0xa9, 0x14,
  0xde, 0xa9, 0x9a, 0x5e, 0xd1, 0x7a, 0xc3, 0xd9, 0x27, 0xb5, 0xd6, 0x04,
  0x52, 0xd1, 0x14, 0x74, 0xf5, 0x0e, 0xcf, 0x6f, 0x6d, 0x5a, 0x5e, 0x6c,
  0xde, 0x3d, 0x83, 0xbd, 0xc6, 0x60, 0xe6, 0xb0, 0xf6, 0x31, 0x18, 0x1d,
  0xdc, 0x71, 0xeb, 0x56, 0x1c, 0x6e, 0x22, 0x8b, 0xa7, 0x0d, 0x5a, 0xbf,
  0x6a, 0x31, 0x5a, 0xf8, 0x97, 0x0a, 0x69, 0xa7, 0x85, 0x5e, 0xbd, 0xd9,
  0xd7, 0x8c, 0xdf, 0x8a, 0x9d, 0x3c, 0x52, 0x50, 0xb4, 0x12, 0xdf, 0x2f,
  0x11, 0xb2, 0xaa, 0xe6, 0x98, 0x1a, 0x3a, 0xfd, 0x06, 0xc1, 0x20, 0x93,
  0x22, 0x07, 0xb9, 0x4c, 0x8c, 0x22, 0x40, 0xd4, 0x09, 0x21, 0x16, 0x97,
  0xb8, 0xb4, 0xe5, 0x29, 0x02, 0x4a, 0xd5, 0x41, 0x20, 0xc7, 0xcc, 0x0b,
  0xe4, 0xcc, 0xc2, 0x90, 0xc5, 0xf1, 0x3a, 0x1c, 0x6c, 0x70, 0x04, 0x12,
  0x89, 0x90, 0x4c, 0xda, 0x52, 0x02, 0x69, 0x1a, 0x33, 0x5c, 0x47, 0x04,
  0x3a, 0x58, 0xaa, 0x39, 0x99, 0x9d, 0xb0, 0x01, 0x29, 0xb5, 0x5a, 0x68,
  0xa1, 0x4a, 0x2b, 0xd9, 0x0f, 0x09, 0xe0, 0x45, 0x93, 0x3b, 0x75, 0xcd,
  0x81, 0x0d, 0x1c, 0x0a, 0x8d, 0x8a, 0xe7, 0x73, 0xda, 0xf0, 0x6b, 0x07,
  0x90, 0x80, 0xab, 0x76, 0x1b, 0x84, 0x92, 0xf6, 0xd1, 0x56, 0xcd, 0x41,
  0x25, 0xa2, 0xcc, 0x75, 0x71, 0x9d, 0x9b, 0x12, 0x69, 0x96, 0xa6, 0x01,
  0x22, 0x0f, 0x7b, 0x0e, 0x95, 0x18, 0x74, 0x90, 0x3b, 0x02, 0x84, 0x01,
  0x4a, 0x11, 0x96, 0x0f, 0x47, 0x64, 0xdb, 0x02, 0xb5, 0x82, 0x84, 0xc9,
  0xde, 0x9a, 0x86, 0x03, 0x98, 0x7f, 0x62, 0xd9, 0xed, 0x9e, 0x67, 0xfe,
  0x9c, 0xa3, 0x96, 0x57, 0xd5, 0xda, 0xd7, 0xfd, 0x11, 0xdd, 0x34, 0x78,
  0x1f, 0xda, 0xc6, 0x39, 0x37, 0xbe, 0x1d, 0x52, 0x7e, 0x33, 0x80, 0x17,
  0x93, 0x63, 0xd0, 0x97, 0x42, 0xde, 0xf0, 0x55, 0x02, 0x60, 0xed, 0x6f,
  0xb2, 0x95, 0x09, 0x05, 0x7f, 0x36, 0xac, 0xac, 0x17, 0x73, 0x06, 0x0b,
  0x85, 0xba, 0x5f, 0x95, 0x40, 0x5d, 0x47, 0xc9, 0x9e, 0xb3, 0x1b, 0x42,
  0x41, 0xd9, 0x4b, 0xe2, 0x70, 0x90, 0x83, 0x89, 0x17, 0x56, 0x8a, 0x2d,
  0xf2, 0x2a, 0x58, 0xe4, 0x5d, 0x5b, 0xb7, 0xc1, 0xaa, 0x5b, 0xeb, 0x66,
  0xd3, 0x74, 0x6d, 0x25, 0xa6, 0xae, 0x73, 0x28, 0xe3, 0xc1, 0x4d, 0xc3,
  0x0d, 0x9b, 0xc4, 0xdd, 0xfc, 0x1c, 0x2c, 0x49, 0x18, 0xa7, 0x0e, 0x1e,
  0x95, 0x18, 0x6c, 0xad, 0xd5, 0xc8, 0x74, 0xde, 0x50, 0xc1, 0x7c, 0x3a,
  0xe1, 0x92, 0x27, 0x60, 0x1e, 0x9e, 0x96, 0xf5, 0x37, 0x84, 0x1b, 0xf0,
  0xcd, 0x26, 0x1e, 0x39, 0xc1, 0xbf, 0x45, 0xe8, 0x2d, 0x7f, 0xc6, 0x61,
  0xa4, 0x91, 0x3f, 0x16, 0xd2, 0x48, 0x92, 0xf1, 0x19, 0x3a, 0x59, 0x39,
  0xf8, 0x01, 0x16, 0x0b, 0xa5, 0x23, 0x1e, 0xcd, 0x00, 0x31, 0x83, 0x0f,
  0x18, 0x5f, 0x41, 0x2b, 0xd7, 0x35, 0xed, 0x8a, 0x82, 0x03, 0x13, 0x8b,
  0x57, 0xb9, 0x2c, 0x70, 0x6d, 0x9e, 0x85, 0xe8, 0x2d, 0x1e, 0x15, 0x69,
  0xee, 0x2d, 0x37, 0x44, 0xd7, 0xb0, 0x80, 0xb7, 0xd0, 0x08, 0xf3, 0x6e,
  0x72, 0xe9, 0x54, 0x91, 0xf2, 0x80, 0x94, 0x04, 0xcb, 0xca, 0x5a, 0xda,
  0x7e, 0x4b, 0xa0, 0xf4, 0x2f, 0xa6, 0xce, 0xe8, 0x55, 0x09, 0x4c, 0xfe,
  0xbf, 0x70, 0x9d, 0xd1, 0xab, 0x87, 0x85, 0xd8, 0x15, 0x82, 0x29, 0x29,
  0x62, 0xca, 0xdb, 0x36, 0xdb, 0xa3, 0x7f, 0x28, 0xf1, 0xe8, 0xa7, 0xe5,
  0x28, 0x21, 0x77, 0xe9, 0x2d, 0x41, 0xac, 0xae, 0x58, 0xa0, 0xe0, 0x59,
  0xad, 0xab, 0x46, 0xae, 0x0f, 0x5f, 0x28, 0x27, 0x51, 0xa8, 0xf6, 0x62,
  0xbe, 0x54, 0xa9, 0xab, 0x93, 0x35, 0x3b, 0xdf, 0x94, 0x83, 0xe1, 0x1c,
  0x24, 0xf2, 0xab, 0x9f, 0x96, 0x03, 0x96, 0x81, 0xad, 0x20, 0xe5, 0x5c,
  0x65, 0xd2, 0x98, 0x9f, 0xca, 0x20, 0x87, 0xa6, 0xe4, 0x18, 0xff, 0x3e,
  0x26, 0x2d, 0x7c, 0xaa, 0xbe, 0x24, 0x0b, 0xa4, 0x37, 0xdf, 0x01, 0x23,
  0x97, 0xe6, 0xa8, 0x1b, 0xdf, 0xe6, 0xc5, 0xa2, 0x23, 0xae, 0xa6, 0x3b,
  0xdd, 0x20, 0x67, 0x87, 0x6c, 0x42, 0x8b, 0x0c, 0x1e, 0xd5, 0x76, 0x52,
  0x7e, 0xcd, 0xd5, 0x5d, 0xa3, 0x29, 0xe1, 0x36, 0xaf, 0x74, 0x85, 0xbc,
  0xaa, 0x2c, 0x4a, 0x54, 0xa4, 0x2c, 0x27, 0x82, 0xf1, 0x1b, 0x88, 0xad,
  0x91, 0xde, 0x4b, 0xea, 0x86, 0xf8, 0x76, 0xc9, 0x19, 0x51, 0xbd, 0xe1,
  0xec, 0x26, 0x80, 0x1b, 0x48, 0xa3, 0x20, 0x73, 0x18, 0x6b, 0x83, 0x83,
  0xa7, 0x84, 0x7d, 0x0a, 0x50, 0x23, 0x57, 0x37, 0x31, 0x6d, 0xca, 0xfe,
  0xa5, 0x32, 0x2d, 0x05, 0x94, 0x6c, 0xcb, 0x31, 0xa7, 0x86, 0x52, 0xa2,
  0x94, 0x7b, 0x83, 0xbf, 0xcf, 0xb9, 0xce, 0x3e, 0x17, 0xf7, 0x92, 0xaa,
  0x7e, 0x2c, 0x79, 0x5b, 0x95, 0x32, 0x75, 0xf8, 0xc0, 0xae, 0x0d, 0x1e,
  0xdb, 0xcb, 0x78, 0x11, 0x39, 0x5e, 0xca, 0x87, 0x7f, 0xaf, 0xd7, 0xfc,
  0x83, 0x66, 0x4d, 0x59, 0x3c, 0x3a, 0x69, 0xc3, 0xe3, 0x45, 0x72, 0x56,
  0x3b, 0x76, 0xdc, 0xc2, 0x64, 0x78, 0x82, 0x55, 0x98, 0x20, 0xa6, 0x13,
  0x66, 0xa8, 0x1d, 0xfe, 0x81, 0x0a, 0x70, 0x3d, 0xa7, 0xa5, 0xc6, 0x1a,
  0x82, 0x14, 0x15, 0xe3, 0x80, 0xab, 0xae, 0xa9, 0x9b, 0x55, 0xd7, 0xb8,
  0xd6, 0xb5, 0x2f, 0x29, 0x25, 0x68, 0xf0, 0x7e, 0xae, 0x14, 0x67, 0x69,
  0xc3, 0x46, 0x17, 0x26, 0x06, 0x5d, 0x6a, 0x08, 0x4c, 0xec, 0x1c, 0x4b,
  0xd4, 0x57, 0xf4, 0x02, 0x64, 0xcb, 0x89, 0x44, 0xe4, 0x75, 0x95, 0x5a,
  0x01, 0xd8, 0x37, 0x2b, 0x91, 0x58, 0x85, 0xc7, 0x57, 0x47, 0xe8, 0x72,
  0x67, 0xb4, 0xa8, 0xa3, 0x43, 0x98, 0x91, 0x1b, 0xbe, 0xb5, 0x4e, 0x11,
  0x02, 0xbf, 0x6e, 0x30, 0xb7, 0x6d, 0x05, 0x28, 0x4d, 0x3c, 0x62, 0x69,
  0x3a, 0xc5, 0xd1, 0x17, 0x09, 0xed, 0x1c, 0x2e, 0x1f, 0xbe, 0x04, 0x2f,
  0xc4, 0x90, 0x9b, 0x6e, 0xdc, 0x16, 0x7d, 0x1d, 0xa6, 0xca, 0xe7, 0x15,
  0xdf, 0x79, 0x6d, 0x28, 0xce, 0xda, 0xd9, 0x46, 0x53, 0x5e, 0xb9, 0x5f,
  0x9d, 0xb0, 0x34, 0xc9, 0xb8, 0x22, 0xa4, 0xa5, 0xbd, 0x42, 0x2c, 0x83,
  0xca, 0x44, 0xf5, 0x85, 0x43, 0x67, 0x71, 0x6f, 0xa4, 0x4c, 0xad, 0x13,
  0x44, 0x99, 0xed, 0x90, 0x2c, 0x26, 0x7c, 0x69, 0xbb, 0x34, 0x51, 0xd4,
  0xb4, 0x84, 0x5d, 0xaa, 0x45, 0xac, 0xf6, 0x52, 0x76, 0x69, 0x91, 0x2a,
  0xa5, 0x53, 0xa4, 0x12, 0xaf, 0xbe, 0xf1, 0xff, 0x4a, 0x76, 0xe9, 0x91,
  0x82, 0x87, 0xcc, 0x05, 0x97, 0x6d, 0x8a, 0x64, 0x62, 0xa9, 0xa2, 0xcb,
  0x57, 0x25, 0x4a, 0x22, 0xce, 0x11, 0x6e, 0xac, 0x5a, 0x6c, 0x60, 0x04,
  0xe5, 0x32, 0x4a, 0x9b, 0x55, 0x17, 0xb7, 0x2b, 0x4b, 0xe7, 0xfb, 0x8d,
  0x9b, 0x20, 0xe7, 0xc8, 0x60, 0xe4, 0x9a, 0x14, 0x69, 0x00, 0xbe, 0x9a,
  0x93, 0x7b, 0x3a, 0x75, 0x84, 0x0d, 0x31, 0xde, 0x2e, 0xc3, 0x5e, 0x30,
  0x03, 0x3f, 0x9e, 0x49, 0xb9, 0x7e, 0x2d, 0x86, 0x44, 0x3a, 0x26, 0x4e,
  0xf2, 0x32, 0x42, 0xfd, 0x20, 0x2b, 0x10, 0xf4, 0xca, 0x91, 0x75, 0xca,
  0x96, 0x24, 0xd5, 0x89, 0xad, 0xa9, 0xec, 0xbc, 0x59, 0xc7, 0x94, 0x27,
  0xc8, 0x32, 0x72, 0xae, 0x57, 0xe9, 0x83, 0x51, 0xac, 0xba, 0x68, 0x53,
  0xd8, 0xe9, 0xe1, 0x28, 0x4c, 0x40, 0x20, 0x3f, 0x84, 0x96, 0x8d, 0x75,
  0x05, 0xa0, 0x95, 0xf7, 0x94, 0x96, 0x43, 0xe9, 0x9b, 0xf4, 0xae, 0xe7,
  0x2a, 0xe6, 0x7a, 0x55, 0xa2, 0xd6, 0x62, 0x2b, 0x57, 0x5b, 0xa5, 0x64,
  0xf9, 0x16, 0x6b, 0x51, 0x58, 0x71, 0x6e, 0xc5, 0xe2, 0x89, 0x11, 0x0e,
  0x93, 0xcc, 0xfc, 0x79, 0xe7, 0xe0, 0x94, 0x8b, 0x8e, 0x30, 0x07, 0x01,
  0xb6, 0x65, 0xb4, 0xf6, 0x52, 0x29, 0xf1, 0xdb, 0x22, 0x15, 0x14, 0x53,
  0x31, 0x9c, 0xa1, 0x54, 0xd2, 0x8a, 0x93, 0x6f, 0xcc, 0xc5, 0x9b, 0x0e,
  0xc0, 0x45, 0x0d, 0x20, 0x23, 0x70, 0xe7, 0xd3, 0xb9, 0x84, 0x2c, 0xa7,
  0x20, 0x70, 0xf7, 0x61, 0x0b, 0x4c, 0x41, 0xe8, 0x4f, 0x9e, 0xbe, 0xe8,
  0xed, 0x0e, 0x8f, 0x42, 0x68, 0xca, 0x86, 0xf8, 0xde, 0x65, 0xfc, 0xd0,
  0xf3, 0xe3, 0x83, 0x0c, 0xb4, 0x12, 0xaa, 0xf2, 0x46, 0x35, 0xbd, 0xe7,
  0xeb, 0x56, 0x09, 0x72, 0xe7, 0x23, 0x72, 0x94, 0x90, 0xbb, 0xf4, 0xbe,
  0x94, 0x28, 0x8c, 0x58, 0x82, 0x72, 0x55, 0xad, 0x8d, 0x0d, 0x56, 0x40,
  0xd8, 0xcd, 0x13, 0x6f, 0xd8, 0x98, 0x1f, 0x2d, 0x8b, 0xe6, 0x14, 0xa9,
  0x8f, 0x38, 0x4f, 0xbe, 0xa9, 0x71, 0xb4, 0x89, 0x43, 0xa5, 0x5d, 0x41,
  0x73, 0xa9, 0xb4, 0x62, 0xb7, 0x49, 0xd8, 0x74, 0x2e, 0x20, 0x0e, 0x02,
  0xa5, 0x5a, 0x27, 0x6a, 0xfc, 0xb3, 0x21, 0xa9, 0x6f, 0x4b, 0x51, 0xfa,
  0xf6, 0x02, 0x49, 0x36, 0x94, 0x4a, 0x60, 0xaa, 0xe9, 0x32, 0x3b, 0x75,
  0x9d, 0xbd, 0x90, 0x4d, 0x6a, 0x0a, 0x5e, 0xfd, 0xac, 0xb4, 0xd6, 0x5a,
  0xc9, 0xb8, 0xf3, 0x6c, 0x51, 0xca, 0xdb, 0x22, 0xe0, 0xe9, 0x14, 0x7c,
  0x3e, 0xa1, 0x18, 0x2a, 0x82, 0xad, 0x72, 0x0a, 0x5e, 0x5a, 0x25, 0x64,
  0x30, 0xb4, 0xba, 0xc9, 0x9c, 0xe9, 0xe2, 0xfa, 0x15, 0xbc, 0x43, 0x5b,
  0xd0, 0x3d, 0xd8, 0xd2, 0x90, 0x66, 0xd1, 0x32, 0x52, 0xf2, 0x28, 0xc5,
  0x12, 0x8f, 0x6b, 0xb9, 0xde, 0xcd, 0x05, 0x27, 0x99, 0x62, 0xf7, 0xce,
  0x9a, 0xae, 0x31, 0x4a, 0xb2, 0x0c, 0xc3, 0x57, 0xe9, 0x54, 0xc1, 0xbe,
  0xae, 0x95, 0x00, 0x4d, 0xc7, 0x18, 0x12, 0x56, 0xe4, 0x79, 0x04, 0x4c,
  0x15, 0x74, 0x36, 0x66, 0x4d, 0x76, 0xab, 0x6c, 0xdd, 0x00, 0xb9, 0xcf,
  0xdc, 0x4b, 0xe6, 0xc6, 0x31, 0x79, 0x1d, 0xd2, 0x57, 0xab, 0xf8, 0x93,
  0x8e, 0xf2, 0x60, 0x1b, 0xe6, 0x9e, 0xa9, 0x34, 0xea, 0x06, 0x11, 0x72,
  0x58, 0x6b, 0xb7, 0xa9, 0xba, 0x1a, 0xeb, 0x8b, 0x98, 0x43, 0xbb, 0xda,
  0xab, 0x54, 0x12, 0xeb, 0x3c, 0xc7, 0xb6, 0x3d, 0x4d, 0xd0, 0x86, 0xdb,
  0x52, 0x1c, 0x23, 0xde, 0x85, 0x3e, 0x53, 0x9d, 0x4f, 0x54, 0xcd, 0x2b,
  0x7b, 0x24, 0xab, 0x79, 0xe5, 0x88, 0x32, 0xa7, 0xea, 0x8c, 0x13, 0xd6,
  0xcd, 0x99, 0x11, 0x7d, 0xcd, 0x64, 0x8d, 0x92, 0x2c, 0x89, 0x1e, 0xa7,
  0x56, 0x23, 0xed, 0xdd, 0x6d, 0x02, 0x84, 0x6d, 0x73, 0xa2, 0x5f, 0x81,
  0x81, 0xc7, 0x63, 0x95, 0x4f, 0x9b, 0x65, 0x42, 0xfa, 0xb7, 0x45, 0x70,
  0xd8, 0x67, 0x89, 0x77, 0x74, 0x98, 0xf0, 0x0a, 0x59, 0x89, 0x29, 0x38,
  0x0b, 0xdc, 0x3a, 0x8c, 0x2d, 0xdb, 0x64, 0x76, 0x0e, 0x49, 0xc4, 0x29,
  0x57, 0x6f, 0xa8, 0x5d, 0xd8, 0x52, 0xd8, 0x36, 0x2f, 0x62, 0x7c, 0xda,
  0xf6, 0x5c, 0x6c, 0xdf, 0x48, 0x81, 0xde, 0x97, 0x88, 0x82, 0x4d, 0xcb,
  0x51, 0x42, 0xee, 0xd2, 0x27, 0x74, 0x82, 0x55, 0x7d, 0x6a, 0xff, 0x1a,
  0xe9, 0xc5, 0x74, 0xc5, 0x3d, 0xf6, 0x53, 0x65, 0x00, 0x91, 0x00, 0xe5,
  0x5e, 0x67, 0x0d, 0x54, 0x36, 0x11, 0x1c, 0x1a, 0x51, 0x67, 0x0f, 0x77,
  0x67, 0x1e, 0x4d, 0x31, 0x0a, 0xc3, 0x74, 0xe4, 0x83, 0x55, 0xc0, 0x45,
  0xa8, 0x0d, 0x73, 0xfd, 0x71, 0xc5, 0x8f, 0xdb, 0xf8, 0x6e, 0x1d, 0xbe,
  0x42, 0x2e, 0x46, 0x35, 0x5b, 0xe6, 0x34, 0xdc, 0x18, 0xb4, 0x69, 0xba,
  0xf7, 0xd9, 0x0c, 0x1d, 0x71, 0x0e, 0xa1, 0x71, 0xcc, 0x50, 0x23, 0x48,
  0xee, 0x7d, 0x3c, 0xcf, 0x94, 0xde, 0xd8, 0xce, 0x78, 0xca, 0xdd, 0x73,
  0x95, 0xad, 0x73, 0x2b, 0xaa, 0xd1, 0x45, 0xdd, 0x6c, 0x2c, 0xd9, 0x40,
  0xad, 0x50, 0x38, 0xbd, 0xf8, 0xb0, 0xab, 0xe9, 0x98, 0x34, 0x54, 0x85,
  0x4b, 0xd8, 0x78, 0x54, 0xb4, 0x01, 0x1e, 0xdf, 0xd4, 0x3d, 0xf5, 0x5a,
  0x98, 0x12, 0x26, 0xd6, 0x70, 0x5e, 0xa7, 0x0a, 0xff, 0x16, 0x6e, 0x13,
  0x4e, 0x1b, 0x93, 0x2c, 0x74, 0xf7, 0x02, 0x43, 0xea, 0xf8, 0xf5, 0x28,
  0x82, 0x00, 0xe7, 0x67, 0x38, 0xf3, 0xd9, 0x25, 0x4d, 0x8a, 0xaa, 0xd3,
  0x44, 0xfe, 0x25, 0x3e, 0x44, 0xc6, 0x66, 0x00, 0xe9, 0x0f, 0xe6, 0x94,
  0x3a, 0x7c, 0x59, 0x03, 0x8e, 0xd2, 0x28, 0x70, 0xdd, 0xb6, 0xf1, 0x41,
  0xf2, 0xca, 0x29, 0xad, 0xc1, 0x34, 0x47, 0xe4, 0xb8, 0x86, 0xfc, 0x70,
  0x3c, 0x54, 0x1d, 0x9f, 0x2a, 0x10, 0x4e, 0xd4, 0x14, 0x23, 0x3c, 0x10,
  0x4d, 0x1f, 0xe9, 0x16, 0xa3, 0x6d, 0xea, 0xf0, 0xb0, 0x50, 0x20, 0x6d,
  0x8d, 0x77, 0x9e, 0x1e, 0x67, 0xff, 0x44, 0xdd, 0x8a, 0x4b, 0xb0, 0x29,
  0x98, 0x8d, 0xb2, 0xb0, 0xbe, 0xf6, 0xda, 0x20, 0xc6, 0x1d, 0x06, 0x09,
  0x5f, 0xf8, 0x96, 0x9f, 0x67, 0xc3, 0xf6, 0x4c, 0x50, 0x45, 0xd4, 0x5a,
  0xc0, 0x26, 0x6a, 0x74, 0xb8, 0x7b, 0xbb, 0x7d, 0xae, 0x00, 0xc8, 0x28,
  0xd3, 0xa3, 0x4d, 0x20, 0xaf, 0xd5, 0x9d, 0xb6, 0x91, 0xdb, 0x20, 0xd8,
  0x41, 0x8e, 0x6e, 0xe2, 0x9c, 0x1d, 0xe8, 0x6d, 0x0b, 0xbd, 0x34, 0x6d,
  0xd4, 0xa8, 0x30, 0xe5, 0x60, 0x4b, 0x55, 0x34, 0xea, 0x4e, 0x55, 0x44,
  0xee, 0xa2, 0x21, 0x80, 0xa6, 0x37, 0x64, 0xc2, 0x05, 0xa2, 0x6a, 0x49,
  0xc5, 0xd2, 0x79, 0xf2, 0xcf, 0x4a, 0x7c, 0xb2, 0x87, 0x6f, 0xa7, 0xc6,
  0xdb, 0xc9, 0x05, 0x79, 0xfb, 0xef, 0xe8, 0xf5, 0x96, 0xf8, 0x61, 0xfa,
  0x4d, 0x35, 0xdb, 0x57, 0x95, 0xdf, 0xd0, 0x45, 0x5f, 0xcb, 0xf8, 0x08,
  0x83, 0xee, 0xdb, 0xbd, 0xad, 0xe0, 0x84, 0xf7, 0x75, 0x43, 0x0d, 0x3a,
  0xc5, 0x9d, 0xb6, 0x89, 0x74, 0xdc, 0x33, 0x4c, 0x3b, 0xa2, 0xe3, 0x3e,
  0x16, 0xbc, 0x03, 0xad, 0x90, 0x91, 0xf3, 0x77, 0x87, 0x0e, 0x4a, 0x3e,
  0x9e, 0xed, 0xdb, 0x22, 0x6d, 0x00, 0xce, 0x12, 0xef, 0xd8, 0x30, 0x5d,
  0x53, 0xcb, 0x9b, 0x59, 0x0e, 0x06, 0xed, 0x5a, 0xac, 0x19, 0xc2, 0xe7,
  0x33, 0x4c, 0xbb, 0x53, 0xae, 0xde, 0x50, 0xeb, 0xd7, 0x34, 0x7e, 0x23,
  0xa3, 0xa7, 0x8d, 0x0c, 0x1f, 0x73, 0xbe, 0x50, 0xe7, 0xa9, 0x1e, 0x9d,
  0x17, 0xb6, 0xca, 0x39, 0xe6, 0xf6, 0x10, 0x9f, 0x77, 0xbe, 0xca, 0x95,
  0x28, 0x75, 0xd8, 0x13, 0xf8, 0x59, 0xce, 0x44, 0x55, 0x31, 0x2f, 0x3e,
  0x06, 0x0a, 0x2b, 0x05, 0xd0, 0x25, 0xf6, 0xbb, 0x76, 0xed, 0x3c, 0x97,
  0xfd, 0xbe, 0x00, 0x50, 0x92, 0xd8, 0x8c, 0x37, 0x5b, 0x3a, 0x1c, 0xe6,
  0x29, 0xc2, 0xe2, 0x86, 0x4d, 0x49, 0xab, 0x34, 0x55, 0x8a, 0xc8, 0xc0,
  0x32, 0x1c, 0x81, 0x76, 0x40, 0x90, 0xb0, 0x20, 0x60, 0x2d, 0xdf, 0x5f,
  0x0c, 0x94, 0x3c, 0x2f, 0x33, 0x74, 0x30, 0x2b, 0x3d, 0x58, 0xaf, 0xc4,
  0xc7, 0x7d, 0xec, 0x39, 0x51, 0x74, 0x71, 0xe3, 0x46, 0x85, 0xf4, 0x59,
  0x92, 0xb1, 0x1c, 0x30, 0xa1, 0x27, 0x14, 0x8c, 0x89, 0xce, 0xf9, 0x99,
  0x51, 0x93, 0x2c, 0xca, 0x5c, 0xa4, 0x0e, 0xe3, 0x5c, 0x09, 0x65, 0x95,
  0xf6, 0x44, 0x12, 0xd3, 0x32, 0xc4, 0x18, 0xe0, 0x11, 0x58, 0xcf, 0xd4,
  0xa4, 0xc0, 0x13, 0xff, 0xb6, 0xf1, 0x08, 0xca, 0x58, 0x7c, 0x03, 0x33,
  0x8a, 0xcc, 0xaf, 0x2a, 0x98, 0x3d, 0x26, 0xfc, 0x35, 0xab, 0x36, 0x02,
  0x64, 0x5d, 0x6b, 0xaa, 0xb8, 0x85, 0x34, 0xce, 0x86, 0x59, 0x51, 0x88,
  0x09, 0x20, 0xe6, 0x35, 0x42, 0x49, 0x38, 0x9c, 0x6b, 0x62, 0x27, 0x5e,
  0x4d, 0x94, 0xe0, 0xe7, 0x28, 0x1f, 0x43, 0xd4, 0xa8, 0x0a, 0x73, 0x58,
  0x3d, 0x37, 0xcd, 0x72, 0xe6, 0x40, 0x1b, 0x6a, 0xd9, 0x2d, 0x6a, 0x3c,
  0x56, 0x23, 0x53, 0x01, 0xfe, 0x09, 0x39, 0xf9, 0x2c, 0x7a, 0x5d, 0x04,
  0xe8, 0xff, 0x2c, 0xa4, 0x41, 0xbf, 0x57, 0x62, 0x8b, 0x76, 0xcc, 0x67,
  0xe9, 0xc9, 0xe1, 0x88, 0x7b, 0x7f, 0xc4, 0xe8, 0x07, 0xbd, 0x0d, 0x96,
  0xb8, 0xf5, 0xc1, 0x70, 0xad, 0x59, 0x33, 0xd7, 0x75, 0xcb, 0x78, 0x79,
  0xf6, 0x4f, 0x74, 0x1f, 0xeb, 0x24, 0xda, 0x7b, 0x4b, 0x9e, 0x22, 0xf9,
  0x1c, 0x0a, 0x36, 0x64, 0xef, 0xd4, 0xc0, 0xa5, 0x09, 0xef, 0x04, 0x51,
  0xa2, 0x61, 0x7c, 0xc7, 0x3c, 0x4f, 0xc1, 0x4c, 0x6d, 0x0d, 0x15, 0xdd,
  0xd3, 0x49, 0xc1, 0x44, 0x4e, 0x74, 0xbe, 0xc2, 0x8e, 0x85, 0x27, 0x52,
  0x63, 0xb8, 0xc6, 0x39, 0x36, 0x73, 0x01, 0xc1, 0x0f, 0xa6, 0x6e, 0xb0,
  0x60, 0x9d, 0xaa, 0x96, 0x2c, 0x7a, 0x39, 0xed, 0xc9, 0x0f, 0x5e, 0x03,
  0xd3, 0xc4, 0xe9, 0xae, 0x41, 0x0e, 0xe7, 0x54, 0xc2, 0xc1, 0x0d, 0x3f,
  0x13, 0xed, 0x19, 0x99, 0xc6, 0x7e, 0x4b, 0x0a, 0x1c, 0x37, 0x7f, 0x1c,
  0x5d, 0xf3, 0x18, 0x7b, 0x76, 0x04, 0xe1, 0x63, 0x25, 0xa8, 0x78, 0xa3,
  0xba, 0x66, 0xb6, 0x33, 0x4d, 0x99, 0xd2, 0x89, 0x0d, 0xe7, 0xdc, 0x84,
  0xdc, 0xe8, 0xfd, 0x28, 0xc1, 0x49, 0x4f, 0xc2, 0x79, 0xb1, 0xe2, 0xc2,
  0xce, 0x7c, 0x3f, 0x78, 0x75, 0xa8, 0xab, 0x9b, 0x02, 0xf2, 0x06, 0xb9,
  0xee, 0x15, 0x96, 0xc9, 0x69, 0x27, 0x91, 0x3c, 0x9f, 0xbd, 0x40, 0xa5,
  0x83, 0x5f, 0x5f, 0x16, 0xca, 0x58, 0x12, 0xb1, 0x9b, 0xb4, 0xe4, 0x26,
  0x1b, 0xd0, 0xe6, 0x4b, 0x99, 0x78, 0xcf, 0x94, 0x1c, 0x25, 0xe4, 0x2e,
  0xad, 0x11, 0x0b, 0xd2, 0xfe, 0x2f, 0x5f, 0x9d, 0x79, 0x5b, 0x84, 0xf6,
  0xff, 0x5f, 0xbb, 0x3a, 0xf3, 0x56, 0x26, 0xfc, 0xbf, 0x14, 0xfc, 0x5d,
  0x09, 0x66, 0xff, 0x3f, 0x21, 0xfe, 0x6e, 0xaa, 0x42, 0xe1, 0x7a, 0x39,
  0xe6, 0x40, 0xb9, 0x31, 0x73, 0xbe, 0xfd, 0xa2, 0x54, 0xd9, 0x02, 0xb6,
  0x8c, 0x94, 0x28, 0xe2, 0xbb, 0x93, 0x58, 0x97, 0x03, 0xcc, 0x41, 0xe6,
  0xc5, 0x29, 0xad, 0x52, 0x62, 0x8d, 0x42, 0x66, 0x9e, 0xfe, 0x6b, 0xa9,
  0x7b, 0x96, 0x8a, 0xdd, 0xb3, 0x52, 0xad, 0x75, 0x8e, 0xf5, 0x32, 0x3e,
  0x5f, 0xdd, 0x4a, 0x35, 0x8d, 0x00, 0x45, 0xe5, 0x4c, 0xe1, 0xa6, 0x15,
  0xae, 0xa1, 0x3c, 0x04, 0xfd, 0x63, 0xdf, 0xc3, 0x90, 0x4b, 0x7c, 0xa9,
  0x76, 0x9a, 0x72, 0x4b, 0xf8, 0xad, 0xef, 0x6c, 0xda, 0x5b, 0xb8, 0x14,
  0x85, 0x7c, 0x9d, 0xe2, 0xa0, 0x26, 0x1e, 0xb1, 0x7c, 0x7a, 0xd9, 0x53,
  0x32, 0x6e, 0x77, 0xb9, 0x39, 0x61, 0xe3, 0x5c, 0x2a, 0xf8, 0xba, 0x08,
  0x65, 0x34, 0x82, 0xbd, 0xe7, 0x17, 0x96, 0xf2, 0xfa, 0xb8, 0xcd, 0xe8,
  0xc5, 0x65, 0x62, 0x4a, 0x6e, 0xa3, 0x5d, 0x51, 0x37, 0xb9, 0x4e, 0x53,
  0xdc, 0xc1, 0x72, 0xda, 0x12, 0xd8, 0xb4, 0xe0, 0x97, 0xd5, 0x35, 0xc8,
  0x1f, 0x91, 0x1b, 0x35, 0x86, 0xdf, 0x77, 0x03, 0x0f, 0x1c, 0x30, 0x96,
  0x26, 0xfc, 0xd2, 0x57, 0x7d, 0xc4, 0x8d, 0x02, 0x0e, 0xfc, 0x10, 0x3a,
  0xeb, 0x2d, 0x46, 0x0d, 0xff, 0x09, 0xbb, 0x6b, 0x93, 0xac, 0xe0, 0xcb,
  0x02, 0x79, 0x41, 0x6c, 0xc0, 0x50, 0x02, 0xb8, 0xb6, 0x9e, 0x22, 0xd3,
  0x78, 0xc3, 0x38, 0xa7, 0x80, 0x04, 0x5f, 0xdd, 0xbf, 0x75, 0x61, 0xb6,
  0x41, 0xa0, 0x06, 0x53, 0xee, 0xea, 0xc9, 0xf6, 0x79, 0xc6, 0x0c, 0x93,
  0x22, 0xfb, 0x4a, 0x38, 0xba, 0xb9, 0xc9, 0x79, 0x67, 0x23, 0xde, 0x19,
  0x6f, 0x94, 0x48, 0x65, 0xf8, 0x9d, 0xb3, 0x4e, 0xbf, 0x2e, 0x42, 0x4f,
  0xf8, 0x27, 0x62, 0x9d, 0x7e, 0x2d, 0x62, 0xae, 0x32, 0x1e, 0xf4, 0x3d,
  0xbd, 0xfe, 0xe4, 0x86, 0xba, 0xd4, 0x99, 0xfe, 0xba, 0x04, 0x2c, 0x8b,
  0xd8, 0x2c, 0x9f, 0x45, 0xaf, 0xca, 0x4b, 0xd4, 0x1c, 0xee, 0xa9, 0x64,
  0x45, 0x7a, 0xd5, 0x72, 0xcf, 0x8c, 0x26, 0xc2, 0x36, 0x62, 0x4f, 0x51,
  0xdd, 0x74, 0x06, 0xc8, 0x05, 0x6c, 0x53, 0xc4, 0x16, 0x2c, 0xe7, 0x37,
  0x2f, 0xe5, 0x70, 0x97, 0xc1, 0x07, 0x26, 0x43, 0x5c, 0x03, 0xbb, 0xe9,
  0xb6, 0x24, 0x4f, 0x36, 0xca, 0xc3, 0x4f, 0x72, 0xed, 0x4e, 0x25, 0x90,
  0x06, 0x7b, 0x12, 0x4d, 0x88, 0x53, 0x76, 0x21, 0x4a, 0xeb, 0x4b, 0x22,
  0xfb, 0x9a, 0x2b, 0x0e, 0xd6, 0x2f, 0xd3, 0xa2, 0xee, 0xed, 0xeb, 0x32,
  0xf4, 0x76, 0x27, 0x86, 0xc3, 0x16, 0x13, 0xbf, 0xb4, 0x8a, 0x24, 0x5a,
  0x1b, 0xd6, 0x59, 0xf1, 0x4c, 0xba, 0x23, 0x78, 0x9f, 0xb3, 0x09, 0x7f,
  0x2e, 0x57, 0x2a, 0xe6, 0x75, 0x41, 0xdf, 0x94, 0x2a, 0x53, 0x44, 0x59,
  0x06, 0x8b, 0x93, 0x4c, 0xc8, 0x38, 0xd7, 0xed, 0x56, 0xa6, 0x41, 0xbb,
  0x65, 0x09, 0x59, 0x91, 0x21, 0x0b, 0x73, 0x25, 0x8e, 0x3c, 0xf8, 0x50,
  0x3e, 0x77, 0xe7, 0x5e, 0x19, 0x54, 0xe9, 0x8d, 0x5c, 0xf3, 0x9c, 0x65,
  0xb7, 0xa1, 0xfc, 0x95, 0xd2, 0xdc, 0xfd, 0x31, 0x41, 0x74, 0x97, 0xab,
  0x8c, 0xec, 0x4d, 0x89, 0xea, 0xe7, 0xd9, 0x12, 0x95, 0x5d, 0x8b, 0xc2,
  0xbb, 0xcf, 0x1b, 0x31, 0x5a, 0x91, 0x3f, 0x7c, 0x76, 0x10, 0xa9, 0xe0,
  0x2c, 0xbf, 0xeb, 0x74, 0x8f, 0x47, 0x55, 0xb6, 0x4f, 0xf2, 0x23, 0x20,
  0xf4, 0x12, 0xc0, 0x62, 0x94, 0x8b, 0xb4, 0xba, 0xef, 0xe4, 0x84, 0x2e,
  0x58, 0xaa, 0x42, 0xdf, 0xb3, 0x88, 0x24, 0x46, 0xd7, 0x27, 0x34, 0x68,
  0xb2, 0x96, 0x3b, 0x38, 0xa1, 0x21, 0x9a, 0xd2, 0x35, 0x91, 0xa8, 0xc3,
  0x02, 0x0d, 0x3f, 0x6e, 0x00, 0x30, 0x88, 0x38, 0x54, 0x6e, 0xac, 0xa6,
  0x6c, 0x0a, 0x5c, 0x27, 0x94, 0xac, 0x35, 0x5b, 0x24, 0x82, 0x75, 0x14,
  0xb7, 0x79, 0xb9, 0x43, 0xd6, 0x02, 0x56, 0xdd, 0x87, 0x73, 0x5e, 0x32,
  0xe5, 0x60, 0x5f, 0x33, 0x45, 0xdd, 0xdd, 0xbe, 0x72, 0xd3, 0xb6, 0xaa,
  0xef, 0x35, 0xbe, 0xfb, 0xd0, 0xa1, 0x5e, 0x6b, 0xd5, 0xad, 0x0d, 0x42,
  0x10, 0x11, 0xcd, 0x60, 0x37, 0x5d, 0xcc, 0xc7, 0x83, 0xa2, 0x10, 0x1e,
  0x08, 0xb0, 0xcc, 0xce, 0xd1, 0xad, 0xeb, 0xcd, 0x0e, 0x87, 0x1d, 0x3b,
  0x70, 0xe0, 0x8e, 0x8a, 0xc9, 0x11, 0xcd, 0xda, 0x50, 0x87, 0x03, 0x7c,
  0x80, 0x5d, 0x6c, 0x4b, 0x30, 0xcf, 0x68, 0x5c, 0x7c, 0x46, 0x17, 0x44,
  0x4c, 0x1c, 0x95, 0x57, 0xe3, 0x2b, 0xe3, 0xfa, 0xdb, 0x51, 0x44, 0x03,
  0xab, 0x6c, 0x78, 0x8d, 0x1c, 0xd5, 0x81, 0xe1, 0x09, 0x44, 0xf8, 0x7e,
  0x44, 0x64, 0x58, 0x5e, 0x81, 0x38, 0xe5, 0x70, 0xfb, 0xd8, 0xed, 0xcc,
  0x12, 0x0a, 0xb8, 0xe6, 0x6f, 0x5b, 0x50, 0x14, 0x32, 0x56, 0x81, 0x09,
  0x16, 0x15, 0xa3, 0xad, 0x7d, 0xdd, 0x4b, 0x4f, 0xed, 0x3a, 0x81, 0x2d,
  0xe7, 0x65, 0x51, 0x48, 0xa9, 0xf3, 0x0c, 0x29, 0xce, 0x52, 0x0d, 0xa6,
  0x67, 0xb7, 0x75, 0x02, 0x5b, 0x5e, 0xcf, 0x97, 0xab, 0x88, 0xe1, 0x66,
  0x38, 0xcf, 0xcb, 0x0e, 0xbc, 0x80, 0xd4, 0x63, 0x21, 0xaa, 0x46, 0x0f,
  0xff, 0x00, 0x31, 0xdd, 0xba, 0xe7, 0x8f, 0x88, 0x0f, 0x4f, 0x13, 0x1f,
  0x14, 0xda, 0x15, 0xf0, 0x67, 0xa4, 0x75, 0x9a, 0xbb, 0x81, 0xd1, 0x23,
  0xe4, 0x82, 0x3c, 0x9a, 0x7d, 0xbb, 0x7d, 0x8c, 0xdc, 0x55, 0x34, 0xe2,
  0x4a, 0xc2, 0x99, 0x41, 0xd2, 0x06, 0xfd, 0x6a, 0xda, 0x5e, 0xbf, 0x18,
  0x6a, 0xfd, 0x12, 0x68, 0xe8, 0xf8, 0x43, 0x7e, 0x5c, 0x66, 0xab, 0x21,
  0x78, 0x5c, 0xab, 0x6d, 0x23, 0xfa, 0xb0, 0xc8, 0x78, 0xea, 0xf6, 0x60,
  0x72, 0xe8, 0x42, 0xc6, 0x6b, 0x51, 0x75, 0xbd, 0x5e, 0xa3, 0x1f, 0x40,
  0xfc, 0xb4, 0x5d, 0x33, 0x82, 0x9f, 0x97, 0x17, 0xae, 0x55, 0x9c, 0x46,
  0xa5, 0x68, 0xec, 0x38, 0x91, 0x16, 0x0b, 0xd1, 0x70, 0x9c, 0x4b, 0x73,
  0x03, 0x16, 0xed, 0x89, 0x8e, 0x48, 0xfb, 0xed, 0x7c, 0xf7, 0x95, 0xc9,
  0xb7, 0x44, 0xed, 0xe9, 0x63, 0x33, 0xc2, 0xa0, 0xca, 0xa8, 0x2b, 0xd4,
  0x4a, 0x7c, 0x57, 0xf4, 0xbc, 0xe2, 0xcc, 0x37, 0xdf, 0x7f, 0x7c, 0x70,
  0xb7, 0x31, 0x31, 0x05, 0xe9, 0x7e, 0x52, 0x24, 0xa2, 0xd9, 0xe9, 0xe1,
  0x40, 0xf3, 0xe0, 0xb5, 0x02, 0xa0, 0xe7, 0x99, 0x02, 0xb4, 0x66, 0x86,
  0xd2, 0x8a, 0xf0, 0x7a, 0x6e, 0x4d, 0x9d, 0x1c, 0x3c, 0x75, 0x72, 0xa8,
  0xa9, 0x51, 0x23, 0x9e, 0x89, 0x26, 0xc4, 0xde, 0xda, 0xdc, 0xf4, 0x20,
  0x28, 0x4d, 0x4d, 0xea, 0x98, 0x8e, 0x94, 0x18, 0xef, 0x10, 0x12, 0x6e,
  0xa8, 0x2f, 0x64, 0x78, 0xc6, 0x6d, 0x5f, 0x7a, 0x79, 0xd3, 0x72, 0x8b,
  0x48, 0x6e, 0x43, 0xd7, 0x70, 0x91, 0x27, 0xbb, 0xd6, 0x13, 0x4d, 0x6b,
  0xbf, 0x2d, 0x4d, 0x1e, 0xef, 0x97, 0xe0, 0x43, 0x6d, 0x36, 0xdb, 0x3d,
  0x12, 0xbb, 0x36, 0xde, 0x35, 0xeb, 0xa3, 0x8a, 0x2b, 0xef, 0x3b, 0xad,
  0xf6, 0x36, 0x3d, 0x15, 0xf7, 0x04, 0x2a, 0x30, 0x06, 0x42, 0x6b, 0xb7,
  0xd3, 0x61, 0x3f, 0xbb, 0xa1, 0x1d, 0x8e, 0x95, 0xdc, 0xac, 0xfb, 0x6d,
  0xce, 0xd1, 0x26, 0x67, 0xfb, 0x3d, 0x4e, 0x99, 0x7e, 0x83, 0x53, 0x5c,
  0x14, 0xd5, 0xef, 0x17, 0x86, 0xd1, 0x52, 0x08, 0xf2, 0xda, 0xdd, 0xa6,
  0x85, 0x33, 0x60, 0x6f, 0xbf, 0x72, 0x7c, 0x0e, 0xc5, 0x5d, 0xaa, 0xdf,
  0xa3, 0x14, 0x91, 0x7b, 0x41, 0x9e, 0xed, 0xf6, 0xad, 0xf6, 0x36, 0xa9,
  0x7e, 0xfc, 0xca, 0xc4, 0x2a, 0x1b, 0xc0, 0xcf, 0xe2, 0x78, 0x15, 0x17,
  0x98, 0xd0, 0xbf, 0x52, 0xc5, 0x45, 0xd5, 0xef, 0x4a, 0x6b, 0x6e, 0x10,
  0xa9, 0xb5, 0xdf, 0x6e, 0x3a, 0x8c, 0xed, 0x0c, 0xdb, 0x6c, 0x38, 0xc5,
  0xfa, 0xdd, 0x25, 0x6e, 0x2d, 0xed, 0xf6, 0x75, 0xde, 0xed, 0x28, 0xe0,
  0xa2, 0x6d, 0x36, 0xfd, 0x16, 0x82, 0x95, 0xd8, 0x6d, 0x1d, 0x18, 0x80,
  0xff, 0x2d, 0x1e, 0x5b, 0x0d, 0xc3, 0x3d, 0x5f, 0xee, 0xed, 0x05, 0x44,
  0x4f, 0x1b, 0x96, 0x91, 0xb7, 0x4f, 0x1d, 0xf7, 0x5d, 0xda, 0x37, 0x5b,
  0xac, 0xb9, 0xde, 0xee, 0x06, 0x5a, 0x7e, 0xf5, 0xbd, 0xf4, 0xea, 0xc3,
  0x86, 0x10, 0x09, 0x0b, 0xe2, 0xa3, 0xf9, 0x9a, 0x97, 0x55, 0x45, 0xaf,
  0xe9, 0x1c, 0x13, 0x61, 0xe4, 0x42, 0x4f, 0xe9, 0x2c, 0xd6, 0x68, 0xa9,
  0x8e, 0x70, 0x27, 0xca, 0x36, 0x31, 0xc6, 0xda, 0xd7, 0xdb, 0x5e, 0x95,
  0x48, 0x65, 0x18, 0x6b, 0x45, 0x54, 0x7a, 0x8e, 0x5e, 0xd7, 0x57, 0xc6,
  0x26, 0x21, 0xba, 0xa3, 0xfb, 0xca, 0x58, 0xdf, 0x53, 0x47, 0x80, 0xce,
  0x89, 0x8c, 0x08, 0x2a, 0xb5, 0x43, 0x0e, 0x85, 0x98, 0xa2, 0xa6, 0xa3,
  0xdd, 0x80, 0xb2, 0x18, 0x32, 0x93, 0x71, 0x2e, 0x27, 0xa7, 0x14, 0x7f,
  0xc1, 0x11, 0x59, 0x4a, 0xc9, 0x5f, 0xda, 0xb1, 0x49, 0xa0, 0xc0, 0x87,
  0xb8, 0xd7, 0x67, 0xa3, 0x4d, 0xa8, 0xc7, 0xab, 0x67, 0xd0, 0x2b, 0xd7,
  0x50, 0x6a, 0x72, 0x0e, 0x17, 0xc8, 0x64, 0x8f, 0x54, 0xa8, 0x18, 0x01,
  0x7c, 0x94, 0x51, 0x5b, 0x4b, 0xb5, 0xa2, 0x55, 0x34, 0x9e, 0x7c, 0xe5,
  0x83, 0xff, 0x5b, 0x87, 0x4f, 0x5a, 0x15, 0xcb, 0x2f, 0x75, 0x38, 0xf5,
  0x74, 0xa5, 0xab, 0x95, 0xd8, 0x6b, 0x70, 0x02, 0xda, 0xb6, 0xa6, 0x4a,
  0xd5, 0x3c, 0x77, 0xb8, 0x04, 0xfd, 0x14, 0x19, 0xc9, 0x23, 0x0e, 0x3e,
  0x9b, 0xfb, 0x4d, 0xcb, 0x08, 0x24, 0x76, 0xb0, 0x2e, 0x5d, 0xcf, 0x4c,
  0xda, 0xbb, 0x21, 0x9e, 0x82, 0x5f, 0xe6, 0xa6, 0xee, 0x5b, 0x48, 0xef,
  0x80, 0xdb, 0x53, 0xb8, 0xed, 0x4a, 0x8d, 0x0d, 0x81, 0x21, 0xe9, 0x0b,
  0xe1, 0xf7, 0x39, 0x7e, 0x69, 0xff, 0x60, 0xf3, 0x82, 0xa0, 0x1e, 0x75,
  0xbc, 0x47, 0xc3, 0x76, 0x95, 0x61, 0xdf, 0x86, 0xcf, 0xa8, 0xfe, 0xdf,
  0x7a, 0x72, 0x79, 0xb8, 0x3b, 0xed, 0xda, 0xf5, 0x1d, 0x1d, 0xa5, 0xe3,
  0x6b, 0x0b, 0x93, 0xdb, 0x7f, 0x29, 0x4a, 0x30, 0xa5, 0x57, 0x4c, 0xf1,
  0x2a, 0xa3, 0xf1, 0x1a, 0x77, 0xfc, 0xac, 0x8e, 0x16, 0xf2, 0x8d, 0xf6,
  0xec, 0xb5, 0x2b, 0xdb, 0xf4, 0x1d, 0x0b, 0xe9, 0x31, 0x55, 0x91, 0x41,
  0x56, 0xf7, 0x4f, 0x2b, 0xb2, 0xc2, 0xf4, 0x31, 0xe1, 0x6e, 0x8c, 0xe4,
  0xea, 0x9a, 0xfe, 0x31, 0xee, 0x56, 0x9e, 0xfc, 0x8f, 0xed, 0xc7, 0xd1,
  0xc8, 0xe3, 0xaf, 0x9a, 0xaa, 0xff, 0x9c, 0x1f, 0x0f, 0x47, 0x1b, 0xc0,
  0xe8, 0xc6, 0x77, 0x64, 0x03, 0xba, 0xe6, 0x27, 0xa6, 0xa3, 0x09, 0xbc,
  0x7b, 0x28, 0xdb, 0x4e, 0xa9, 0xc1, 0xde, 0xe8, 0x9f, 0x5c, 0x42, 0x5d,
  0x86, 0xe1, 0x95, 0xad, 0xec, 0x24, 0xfa, 0x4e, 0x72, 0xd8, 0x3e, 0xbd,
  0xcc, 0x54, 0xa8, 0xf7, 0xbb, 0x44, 0xfa, 0x52, 0x1d, 0x03, 0xb5, 0x5c,
  0x1d, 0xce, 0xfe, 0x40, 0x15, 0x27, 0x95, 0x68, 0x00, 0x6f, 0x20, 0x87,
  0x8d, 0x84, 0x66, 0xd5, 0x1c, 0xcb, 0x4e, 0x3a, 0xac, 0xf7, 0x94, 0x38,
  0x65, 0xc5, 0xe8, 0x51, 0x89, 0x78, 0x8f, 0x6d, 0x78, 0x23, 0x72, 0xcf,
  0xe7, 0xa3, 0xd8, 0xad, 0x83, 0x6a, 0xbc, 0x44, 0xd9, 0x4d, 0x8b, 0x00,
  0x82, 0x12, 0x03, 0xe6, 0xd9, 0xfa, 0x66, 0xbd, 0x29, 0xc1, 0x37, 0xcf,
  0x49, 0x9f, 0x59, 0x32, 0x1d, 0x5f, 0x12, 0xeb, 0xf2, 0xaf, 0x4a, 0xe1,
  0x83, 0xe4, 0x6d, 0x82, 0xea, 0xa8, 0x1e, 0x78, 0x5f, 0x79, 0xa8, 0x76,
  0xaf, 0xf7, 0x71, 0xb5, 0x25, 0x01, 0x12, 0x6f, 0xcb, 0x34, 0xa0, 0x95,
  0xca, 0x70, 0x66, 0xa1, 0x23, 0x64, 0x8c, 0x28, 0x1e, 0x43, 0x84, 0x89,
  0x46, 0x1b, 0x87, 0x7b, 0x98, 0xd4, 0xae, 0x37, 0x11, 0x13, 0xf8, 0xb0,
  0x11, 0x45, 0x57, 0x7f, 0x69, 0xea, 0x24, 0x14, 0xfc, 0xac, 0xd2, 0x8a,
  0x28, 0x77, 0x9c, 0xad, 0x28, 0xbc, 0xb6, 0x55, 0xc4, 0xbd, 0x60, 0xc0,
  0x0c, 0x75, 0x44, 0x66, 0x73, 0xa2, 0x07, 0x02, 0xad, 0xaf, 0xf4, 0xea,
  0x2e, 0xd3, 0xfb, 0xe0, 0x6d, 0x09, 0x4c, 0xd7, 0x29, 0x42, 0x8d, 0x2e,
  0xe6, 0xa3, 0x15, 0x47, 0x5f, 0x83, 0x68, 0xe2, 0xd6, 0x78, 0x20, 0xba,
  0x19, 0xa4, 0x1e, 0xc0, 0xfc, 0xb2, 0xd6, 0x88, 0x29, 0x22, 0xd6, 0x4e,
  0xb5, 0xc3, 0xb8, 0x21, 0xf1, 0x38, 0x58, 0xb7, 0xb1, 0x41, 0x33, 0xa5,
  0xe3, 0xeb, 0xc2, 0x9a, 0x70, 0xbc, 0x15, 0xb1, 0x62, 0x79, 0x9a, 0x8f,
  0x4a, 0x5e, 0x47, 0x3b, 0x6c, 0x0b, 0x7f, 0xbe, 0x8a, 0x95, 0xa1, 0xe7,
  0x4a, 0xca, 0x30, 0xfa, 0x6d, 0xcf, 0x4c, 0x21, 0x5e, 0x93, 0xa5, 0x6d,
  0xfb, 0xd9, 0x9a, 0x31, 0xf7, 0x42, 0x28, 0xc4, 0x11, 0xdc, 0x56, 0xae,
  0x68, 0x80, 0xd1, 0x3d, 0x10, 0x78, 0xa2, 0xb3, 0x6b, 0x16, 0x3d, 0x29,
  0x01, 0xe0, 0x82, 0x1d, 0x1d, 0x3c, 0x6d, 0xee, 0x52, 0x96, 0x92, 0xe6,
  0xbc, 0xab, 0x2e, 0x41, 0x67, 0x44, 0xec, 0x56, 0x4e, 0xd6, 0x66, 0x24,
  0x4f, 0x1b, 0x95, 0x40, 0xe4, 0x64, 0x8b, 0x12, 0xbd, 0x2d, 0xd4, 0x9d,
  0xf4, 0x99, 0xd0, 0x52, 0xc6, 0x95, 0x36, 0x2a, 0x16, 0x83, 0xa0, 0xbd,
  0x1e, 0x3c, 0x38, 0x05, 0x8a, 0x80, 0x1b, 0xa6, 0x8d, 0xbd, 0xe0, 0x70,
  0xcf, 0xdb, 0x54, 0xb3, 0xca, 0x9e, 0xb6, 0x6a, 0x46, 0xb0, 0x87, 0x60,
  0x5e, 0x73, 0x98, 0x85, 0x82, 0x23, 0x8f, 0xdc, 0x37, 0x79, 0xf3, 0x2d,
  0x55, 0x3b, 0xa0, 0xc2, 0x81, 0xda, 0xe8, 0x19, 0x53, 0x57, 0x5d, 0x6d,
  0x57, 0x55, 0x8c, 0xf5, 0xb0, 0x7b, 0x0b, 0x5a, 0xb1, 0xa4, 0x2d, 0x3a,
  0x08, 0xf8, 0x5e, 0xf5, 0x39, 0xf6, 0x4e, 0x71, 0x59, 0x0f, 0xd8, 0xdc,
  0xd6, 0xf6, 0xa6, 0xa7, 0xb7, 0xed, 0xc3, 0x37, 0xa6, 0x27, 0x6f, 0x95,
  0x47, 0x1d, 0x71, 0xa6, 0x8d, 0x04, 0x8b, 0xda, 0x5b, 0xb0, 0xc9, 0x25,
  0xad, 0x98, 0x1c, 0xf3, 0x1e, 0x3c, 0x87, 0x24, 0xa2, 0xec, 0xeb, 0x1e,
  0xc5, 0x6f, 0x7c, 0x0e, 0xa3, 0x18, 0x0d, 0x41, 0x60, 0x06, 0x4f, 0xe7,
  0x7a, 0x4b, 0x9f, 0xa1, 0xc3, 0xb3, 0xd1, 0x16, 0x10, 0x91, 0xa8, 0x1b,
  0xf6, 0x0f, 0x2a, 0x9a, 0xc2, 0xa1, 0xc2, 0x99, 0x44, 0xb4, 0xb0, 0x32,
  0x3d, 0xee, 0x85, 0x7c, 0x8d, 0xb0, 0xd9, 0x5a, 0x31, 0x6d, 0x34, 0x7c,
  0x76, 0x61, 0x5f, 0xfe, 0x1a, 0x5b, 0x27, 0xee, 0x8d, 0x43, 0x83, 0x8c,
  0xaf, 0xf6, 0x43, 0x8b, 0x73, 0xcc, 0x22, 0xa9, 0x1a, 0x90, 0x05, 0x42,
  0xb7, 0xa6, 0xa7, 0xc6, 0x01, 0x5d, 0xea, 0xd6, 0xa8, 0x13, 0x24, 0x7a,
  0xda, 0x0e, 0x6f, 0x96, 0x2a, 0x3d, 0x51, 0xca, 0xee, 0xaf, 0x8e, 0xb4,
  0x2b, 0x0c, 0xc7, 0x62, 0xb3, 0xf0, 0x4e, 0x6c, 0x4b, 0xa3, 0x4e, 0x4c,
  0x51, 0xea, 0xa9, 0x7d, 0xbd, 0xe1, 0xd8, 0x19, 0xf9, 0x78, 0x09, 0xba,
  0x40, 0xd5, 0x64, 0xda, 0xd8, 0xef, 0x8a, 0x34, 0xa0, 0x89, 0xe2, 0xb0,
  0x44, 0x55, 0x27, 0x62, 0x6d, 0x9b, 0x54, 0x54, 0x7f, 0xd6, 0x95, 0x17,
  0xb0, 0x7d, 0xdf, 0xbd, 0x4a, 0x17, 0xf5, 0xe5, 0xee, 0x36, 0x1c, 0xf1,
  0x08, 0x60, 0x98, 0xda, 0x02, 0xe6, 0xea, 0x48, 0x31, 0x86, 0x82, 0xb5,
  0x2a, 0x46, 0x72, 0xe9, 0x6d, 0x02, 0x6a, 0xd5, 0x86, 0xff, 0x4b, 0xd9,
  0xe7, 0xb9, 0xb2, 0x95, 0x61, 0x01, 0x0a, 0xe8, 0x1a, 0xd5, 0x37, 0x27,
  0xb2, 0x3a, 0x07, 0xeb, 0x98, 0xdc, 0x7f, 0xb9, 0xff, 0x6e, 0x04, 0x74,
  0xec, 0x6f, 0xbe, 0xd7, 0xdb, 0x8a, 0xdd, 0xdd, 0x1e, 0x4c, 0xf1, 0x5b,
  0x72, 0x8d, 0x1d, 0x12, 0x10, 0x4c, 0x29, 0xaa, 0x62, 0xf5, 0x9a, 0x0b,
  0xa6, 0x47, 0x5f, 0xd9, 0xd7, 0x61, 0xf9, 0xab, 0xbe, 0x5c, 0x10, 0xbb,
  0xb6, 0xeb, 0x37, 0x6d, 0x0d, 0x0a, 0x52, 0x83, 0x7d, 0xfb, 0x9a, 0xe9,
  0x48, 0x55, 0x84, 0x88, 0x00, 0xa0, 0xe8, 0x3b, 0xeb, 0x22, 0x8a, 0xce,
  0x05, 0xfd, 0x47, 0x92, 0x43, 0x99, 0x8d, 0xd9, 0x72, 0xb3, 0xa2, 0x85,
  0x1c, 0x31, 0x77, 0x5a, 0x0b, 0xef, 0x9b, 0xab, 0x6d, 0x89, 0xbb, 0xcb,
  0xc7, 0x38, 0x11, 0x75, 0x6d, 0xef, 0xe3, 0xcd, 0x8a, 0x72, 0x28, 0xc4,
  0x68, 0xa4, 0x3b, 0x0f, 0x18, 0x4b, 0xd3, 0xf6, 0x3c, 0x9b, 0x72, 0x15,
  0x77, 0x0e, 0xff, 0x8c, 0x16, 0x96, 0x45, 0x20, 0x35, 0x64, 0x02, 0xff,
  0x5a, 0xf5, 0x0b, 0xb0, 0xb7, 0x77, 0x76, 0x24, 0x5e, 0x7c, 0xe7, 0x77,
  0xaa, 0x59, 0x49, 0x0d, 0xa0, 0x46, 0x2d, 0x87, 0x13, 0x1d, 0x81, 0xe9,
  0x68, 0x76, 0xfd, 0x62, 0x33, 0x15, 0x2c, 0xad, 0x11, 0xaf, 0x0d, 0xe1,
  0xdf, 0x7a, 0xeb, 0x25, 0xb1, 0xe1, 0xea, 0x21, 0x33, 0x52, 0x7f, 0x1e,
  0x24, 0xda, 0x01, 0xe5, 0x08, 0x13, 0x5c, 0xa7, 0x4b, 0x13, 0xf2, 0x79,
  0x81, 0x77, 0x25, 0x9a, 0xfd, 0x4c, 0x78, 0xb2, 0xe3, 0x77, 0xb0, 0xf6,
  0xd3, 0x55, 0x19, 0x75, 0x0e, 0x92, 0xb9, 0x6c, 0x24, 0x25, 0x77, 0x72,
  0xad, 0x76, 0x95, 0xbd, 0x21, 0x54, 0xc5, 0x6b, 0x02, 0x0a, 0x33, 0xa5,
  0x62, 0x34, 0x2e, 0xa8, 0xad, 0x96, 0xd2, 0x87, 0x0b, 0x05, 0x2f, 0xef,
  0x4a, 0x40, 0x32, 0x9f, 0x29, 0xe7, 0x9c, 0xf1, 0x38, 0x68, 0x39, 0x35,
  0xea, 0x85, 0x76, 0x89, 0xba, 0x4b, 0x76, 0x89, 0x3a, 0x6e, 0x92, 0x4e,
  0x94, 0x39, 0x3b, 0xb9, 0xea, 0x37, 0x9b, 0x61, 0x50, 0xa4, 0x27, 0xd4,
  0x94, 0x14, 0xcb, 0xcb, 0x5c, 0xda, 0xd8, 0x4c, 0xe0, 0x29, 0x73, 0x1a,
  0x9a, 0xa7, 0x58, 0x5a, 0x59, 0xd4, 0xa4, 0x4c, 0x67, 0xa8, 0x1c, 0xf6,
  0x23, 0xea, 0x1a, 0x50, 0xdc, 0xa3, 0x83, 0x9d, 0xa6, 0x00, 0xf7, 0x6f,
  0x01, 0xed, 0x06, 0x4f, 0x4e, 0x1b, 0x93, 0x7a, 0x7e, 0xdb, 0xca, 0xc7,
  0x02, 0xe2, 0x9b, 0x6a, 0x91, 0x73, 0x29, 0xc1, 0xf1, 0xbb, 0x44, 0x77,
  0x29, 0x1b, 0x29, 0x82, 0xb3, 0x74, 0xaf, 0x68, 0x63, 0xcb, 0x03, 0xf1,
  0xf1, 0xb4, 0x0b, 0x1d, 0x79, 0x45, 0x20, 0x96, 0xa7, 0x4a, 0x96, 0x1c,
  0x81, 0x4f, 0x36, 0x60, 0x71, 0x6c, 0xd7, 0x98, 0x15, 0xb0, 0xe4, 0xa9,
  0x31, 0x33, 0x1e, 0x71, 0x7b, 0x37, 0x14, 0xd5, 0xd8, 0x0d, 0x4f, 0xab,
  0x84, 0x9d, 0xfe, 0xcc, 0x01, 0xa1, 0x87, 0x09, 0x24, 0x83, 0xcb, 0x49,
  0x9b, 0x73, 0x1d, 0xab, 0x83, 0x40, 0x0c, 0xa3, 0x07, 0x1e, 0x1f, 0x55,
  0x17, 0xb4, 0x54, 0xdc, 0x85, 0xaa, 0x0d, 0x17, 0xde, 0xfd, 0x5d, 0x94,
  0x74, 0x02, 0xde, 0x33, 0x6c, 0xc7, 0x2e, 0x21, 0xe2, 0x9a, 0x6d, 0x01,
  0x93, 0x38, 0x44, 0x33, 0x1c, 0xc3, 0x4a, 0xfa, 0x5c, 0xac, 0xf9, 0x93,
  0x4e, 0xb6, 0xa0, 0x9e, 0xbf, 0x95, 0x56, 0x31, 0x8e, 0x21, 0x32, 0xf0,
  0x6c, 0x09, 0x78, 0xb6, 0xe0, 0xb4, 0xed, 0xb3, 0x20, 0xf3, 0x7b, 0x45,
  0xcd, 0x2e, 0x46, 0x8f, 0x03, 0x5d, 0xe4, 0xea, 0x7e, 0x15, 0xfb, 0x5a,
  0x07, 0x1b, 0xc1, 0x63, 0x80, 0x1a, 0x34, 0xf2, 0xa4, 0xc7, 0xdc, 0xee,
  0x0e, 0x35, 0x12, 0xe9, 0x98, 0xf7, 0xb1, 0xee, 0x66, 0x7b, 0x12, 0xba,
  0x03, 0x21, 0xd0, 0x2b, 0x05, 0x68, 0xd9, 0x7e, 0xc2, 0xa7, 0x4c, 0xf1,
  0xf0, 0x96, 0xd2, 0x5b, 0x36, 0xf7, 0x55, 0xc7, 0xdb, 0x24, 0x76, 0x24,
  0xca, 0xd1, 0x46, 0x32, 0x81, 0x91, 0xc9, 0xb4, 0x67, 0x17, 0x69, 0xc0,
  0x93, 0x96, 0x61, 0xfc, 0xdb, 0x3e, 0x49, 0x23, 0x5d, 0x71, 0x29, 0x27,
  0xbc, 0x98, 0xfe, 0xce, 0x56, 0x2d, 0xa1, 0xb8, 0x04, 0x8e, 0xfe, 0x4a,
  0xaa, 0x9d, 0xab, 0x77, 0xd9, 0x5d, 0xb9, 0xfe, 0x28, 0xc7, 0x05, 0x2a,
  0xba, 0x12, 0xa5, 0xf5, 0x25, 0xd1, 0x04, 0x25, 0x73, 0x58, 0x64, 0x79,
  0xf1, 0xf7, 0x95, 0xa7, 0x40, 0xa7, 0x93, 0xb3, 0x9f, 0xcd, 0x95, 0xa2,
  0xbc, 0x5c, 0xaa, 0xf5, 0xb5, 0xce, 0xd2, 0x21, 0xf1, 0x9b, 0x04, 0x35,
  0x1e, 0x2f, 0x32, 0xa8, 0xf1, 0xf8, 0xdf, 0x41, 0x8d, 0x39, 0x6a, 0x3b,
  0xf7, 0x42, 0x28, 0x82, 0x08, 0x80, 0x38, 0xa4, 0xfe, 0xcd, 0xd6, 0x81,
  0xa6, 0xe2, 0xd4, 0xc0, 0x80, 0x05, 0xd8, 0xfb, 0x74, 0x96, 0xe4, 0x70,
  0xfc, 0x5c, 0xa0, 0xe5, 0xbb, 0x52, 0xe0, 0x05, 0x98, 0xa2, 0x7a, 0xbe,
  0x80, 0x13, 0xe1, 0x8f, 0xdd, 0xba, 0x19, 0x54, 0x0d, 0xed, 0xa7, 0xcf,
  0x0e, 0xc1, 0xcc, 0x06, 0xb9, 0xa7, 0x55, 0x8b, 0x02, 0xe6, 0x59, 0x06,
  0xb7, 0x32, 0x69, 0xb4, 0xb3, 0xf9, 0xf6, 0xe8, 0xe5, 0x3b, 0xb1, 0x10,
  0x63, 0xd7, 0x31, 0x38, 0x4b, 0xff, 0x4e, 0xc5, 0xd4, 0x0f, 0xb2, 0x5f,
  0xb5, 0x4c, 0xc3, 0xe0, 0xbb, 0x12, 0x35, 0x19, 0x67, 0xc8, 0x36, 0x1e,
  0x43, 0xf5, 0x80, 0x64, 0x56, 0xbf, 0xf5, 0xae, 0x1a, 0x6c, 0x21, 0xcb,
  0xfb, 0x1b, 0x9d, 0x88, 0x62, 0x43, 0x96, 0x0c, 0xbd, 0x83, 0xcb, 0x64,
  0x1c, 0x4b, 0xb4, 0x5a, 0x39, 0x25, 0xe3, 0xb8, 0x8c, 0xd8, 0xa5, 0x37,
  0x1f, 0xb1, 0x5d, 0x46, 0x0e, 0x5f, 0x7d, 0x6d, 0x64, 0xab, 0xe1, 0xec,
  0xc6, 0x8c, 0x23, 0x85, 0x28, 0xd3, 0x2b, 0x63, 0x52, 0x8e, 0x12, 0x72,
  0x97, 0xd6, 0x08, 0xb1, 0x53, 0xc2, 0xba, 0x52, 0x99, 0x7a, 0x98, 0xb5,
  0x9c, 0x4d, 0x95, 0xdf, 0x99, 0xa1, 0x72, 0x65, 0xd1, 0x93, 0x12, 0x3d,
  0x12, 0x4e, 0x92, 0x6a, 0x74, 0x75, 0xc5, 0xb0, 0x1d, 0x6c, 0x28, 0xc4,
  0xdc, 0xa2, 0x00, 0x5f, 0x61, 0x16, 0x26, 0xb4, 0x0f, 0xeb, 0x7a, 0x52,
  0x16, 0xf0, 0x28, 0x77, 0x88, 0xf1, 0xd5, 0xa0, 0x05, 0x22, 0xb0, 0x32,
  0x78, 0x67, 0xd6, 0xce, 0x13, 0x0d, 0x53, 0x6a, 0x0e, 0x55, 0x95, 0xa5,
  0x41, 0x4b, 0xa2, 0x53, 0xbd, 0x9a, 0xd5, 0xe7, 0xfe, 0x94, 0xab, 0x83,
  0x16, 0xfe, 0x30, 0x55, 0x47, 0x13, 0x94, 0xd0, 0xcf, 0x0e, 0xc8, 0x4f,
  0x75, 0x0d, 0xa3, 0xac, 0x1d, 0xf0, 0x6e, 0xe5, 0xd2, 0x91, 0x3f, 0x94,
  0xa1, 0x5b, 0x3e, 0x4d, 0xb0, 0xf1, 0x00, 0x11, 0x15, 0x7c, 0xcd, 0x64,
  0x6e, 0x8c, 0x00, 0x44, 0xc5, 0x34, 0x23, 0xc2, 0x2a, 0xd4, 0x81, 0x37,
  0x6b, 0x65, 0xa8, 0xa4, 0x5f, 0xf7, 0x4c, 0x73, 0x44, 0xbb, 0x13, 0xbe,
  0xb4, 0x7f, 0x50, 0x26, 0xa6, 0xa1, 0x9f, 0xec, 0xae, 0x88, 0xbc, 0x62,
  0xaa, 0x67, 0x46, 0xe3, 0x5f, 0x6a, 0xd5, 0xf2, 0x3f, 0xeb, 0x3f, 0x22,
  0x87, 0x50, 0xbc, 0x2f, 0x78, 0x9b, 0x7d, 0xcf, 0x07, 0x80, 0x96, 0x65,
  0x3d, 0xcc, 0xb9, 0xa3, 0x8a, 0xc4, 0x08, 0x02, 0x5b, 0x53, 0x77, 0x3f,
  0xbc, 0x39, 0x4d, 0xa7, 0x57, 0xc1, 0x77, 0x20, 0xfa, 0xa4, 0x86, 0x9b,
  0x55, 0x53, 0x39, 0x76, 0x75, 0xe3, 0x39, 0x9b, 0x48, 0xb7, 0xd7, 0x78,
  0x47, 0x22, 0x7a, 0x4b, 0x73, 0x6b, 0xc0, 0x36, 0xb6, 0x88, 0xe6, 0x1e,
  0xab, 0xae, 0x22, 0xb9, 0xb6, 0x8c, 0x6e, 0x38, 0xe2, 0xfd, 0x0a, 0x18,
  0xba, 0x55, 0x5c, 0xd3, 0x4e, 0x11, 0xa5, 0x93, 0xb8, 0xb8, 0x79, 0x60,
  0x6f, 0x15, 0xe7, 0x7b, 0xab, 0xb0, 0x82, 0x2e, 0x6d, 0x89, 0x56, 0xed,
  0xe1, 0x83, 0x4c, 0xe1, 0xd8, 0xda, 0x56, 0x88, 0x39, 0x0f, 0x3e, 0x8c,
  0x3c, 0x9e, 0x3f, 0x94, 0x09, 0xbf, 0x5d, 0x29, 0x39, 0xbd, 0xd8, 0x2e,
  0xf3, 0xca, 0x15, 0xe9, 0x34, 0x3c, 0x57, 0x22, 0xe9, 0xca, 0x64, 0xf8,
  0xed, 0xec, 0xea, 0xbe, 0x6f, 0xee, 0x6c, 0xfc, 0x20, 0x97, 0x9d, 0x54,
  0xaa, 0x87, 0x2d, 0xe7, 0x2c, 0x3c, 0xd1, 0xdb, 0xcc, 0x57, 0x4b, 0x25,
  0xa8, 0xdc, 0xd3, 0xe5, 0x2b, 0xb5, 0xb5, 0x4e, 0xe6, 0x4e, 0xdb, 0x51,
  0xb7, 0xf1, 0x78, 0xa3, 0x83, 0x93, 0xd9, 0xc7, 0xbc, 0x32, 0x98, 0x43,
  0xd6, 0x7e, 0x5b, 0x09, 0x9d, 0x1c, 0x75, 0xd8, 0x3c, 0x7e, 0x1c, 0x32,
  0x8a, 0x4a, 0x59, 0xb0, 0xba, 0xe4, 0x60, 0x71, 0xe6, 0x2c, 0x44, 0x02,
  0x0d, 0x5b, 0xf9, 0xdd, 0x12, 0xd8, 0x3f, 0xb8, 0x23, 0xf5, 0x75, 0xaa,
  0x49, 0x91, 0x90, 0x69, 0x35, 0x6d, 0x5d, 0x47, 0x0e, 0x38, 0x50, 0x85,
  0x36, 0x44, 0x00, 0x97, 0x9c, 0x53, 0x86, 0x7d, 0xd4, 0xa4, 0x9c, 0x5b,
  0x7c, 0x35, 0x47, 0xf1, 0x4f, 0x1d, 0x01, 0x8a, 0x3f, 0x15, 0xce, 0xc9,
  0xb9, 0x85, 0xaa, 0xb5, 0x95, 0x1d, 0x8d, 0x71, 0x53, 0xd0, 0x2c, 0xbb,
  0x68, 0x91, 0x70, 0xce, 0x09, 0x42, 0x25, 0x2e, 0x4e, 0xee, 0xa5, 0x59,
  0xd8, 0xb4, 0xbf, 0xcd, 0x5e, 0x2a, 0x06, 0x6e, 0xf2, 0x52, 0x25, 0x57,
  0x6b, 0x30, 0xfe, 0xc2, 0x98, 0xb3, 0x3d, 0x67, 0xf0, 0x6a, 0x7f, 0x1f,
  0xad, 0x51, 0x50, 0x90, 0x86, 0xa1, 0xe4, 0x62, 0x71, 0xff, 0xa1, 0x48,
  0x43, 0xdd, 0x7d, 0x79, 0xc5, 0x18, 0xf2, 0xfc, 0xbe, 0xba, 0xae, 0xde,
  0x0c, 0x19, 0x91, 0xf6, 0x0b, 0x3e, 0xfa, 0x9a, 0x99, 0x8a, 0x16, 0x15,
  0x74, 0xbc, 0xca, 0x10, 0xf7, 0x2a, 0x38, 0x7e, 0x22, 0x25, 0xab, 0x25,
  0x4e, 0x56, 0x70, 0xb4, 0xde, 0x80, 0x2e, 0xd7, 0x11, 0x17, 0x93, 0x67,
  0x6e, 0x22, 0x1f, 0x39, 0x59, 0x89, 0xf0, 0x15, 0x26, 0x2b, 0x95, 0xee,
  0x55, 0xb0, 0x6f, 0x4d, 0x24, 0xee, 0x0c, 0x8f, 0xa6, 0x06, 0x81, 0xef,
  0x96, 0x22, 0x19, 0xe3, 0xd2, 0x8d, 0x88, 0xf6, 0x93, 0x09, 0x7f, 0x0d,
  0xb1, 0x33, 0x5a, 0x40, 0x5a, 0x40, 0xfc, 0x1a, 0xb1, 0x21, 0xaa, 0xf3,
  0xd8, 0x83, 0x51, 0x49, 0xc7, 0x5c, 0x9d, 0xba, 0xef, 0x5c, 0x6d, 0xf1,
  0x1e, 0x75, 0x6b, 0x82, 0x8c, 0x24, 0x56, 0x28, 0x4f, 0x79, 0x07, 0x6b,
  0x1b, 0xf8, 0x92, 0xb6, 0xc7, 0x49, 0x30, 0xe4, 0x27, 0x95, 0x4d, 0xcf,
  0x83, 0x85, 0xa9, 0x26, 0xe1, 0x71, 0x36, 0xa2, 0xc7, 0xf9, 0x2e, 0x51,
  0x92, 0x51, 0x37, 0x83, 0x8d, 0x3b, 0x0f, 0x9d, 0x0d, 0x35, 0xa9, 0x91,
  0xfd, 0xb3, 0x65, 0xc2, 0xf1, 0xef, 0x4a, 0x54, 0x6c, 0x9c, 0x28, 0x97,
  0xf8, 0x52, 0xf5, 0x43, 0x04, 0x05, 0x8c, 0x68, 0x2b, 0x57, 0x69, 0x34,
  0x37, 0xab, 0x95, 0x05, 0xbf, 0x6c, 0xdb, 0x34, 0xf5, 0x52, 0x71, 0x79,
  0x14, 0xf7, 0x28, 0x8b, 0x7b, 0x24, 0xd5, 0x8f, 0x66, 0x71, 0x7c, 0x9b,
  0x0f, 0x3f, 0x3b, 0x69, 0x04, 0x68, 0x60, 0xa2, 0x7f, 0x9f, 0xcb, 0x0a,
  0xbf, 0xbe, 0x1e, 0xf4, 0x27, 0x9d, 0x03, 0x5a, 0x1e, 0x99, 0xc5, 0x6e,
  0x6d, 0xd2, 0xbc, 0x6b, 0xce, 0x48, 0x9c, 0x40, 0x23, 0x7d, 0x2c, 0x43,
  0xd4, 0xfd, 0x2c, 0x5c, 0xf6, 0x51, 0x6a, 0x25, 0x20, 0xb3, 0xfb, 0x38,
  0x41, 0x83, 0x30, 0x1d, 0xb0, 0x83, 0x66, 0x9f, 0x4c, 0x50, 0xbe, 0xf5,
  0x60, 0x35, 0x55, 0x72, 0x29, 0x47, 0xd5, 0xea, 0x6e, 0xf8, 0x24, 0x94,
  0x3e, 0x7c, 0xb1, 0x12, 0x1f, 0xcb, 0x5a, 0x4a, 0x3f, 0xeb, 0xdd, 0x1b,
  0x10, 0xf0, 0x1f, 0x9b, 0x7a, 0x23, 0x6b, 0xae, 0x88, 0xf8, 0x8b, 0x94,
  0xa7, 0xb9, 0x52, 0x98, 0x15, 0x23, 0x19, 0x13, 0x27, 0xf6, 0x42, 0x9b,
  0x66, 0x11, 0x4c, 0xe0, 0x19, 0xc2, 0x4d, 0x0e, 0x12, 0xa3, 0x76, 0xec,
  0x68, 0x77, 0x7a, 0xd5, 0xed, 0x11, 0x22, 0x04, 0x73, 0xc4, 0x56, 0x35,
  0x3d, 0xf2, 0xca, 0x76, 0xba, 0x5e, 0x89, 0xf4, 0xcc, 0x99, 0xc2, 0x58,
  0xc9, 0x2d, 0x50, 0xcd, 0xb3, 0x95, 0x4f, 0x1d, 0x01, 0xaa, 0x28, 0xf3,
  0xed, 0xa8, 0xa6, 0x5d, 0xe0, 0x18, 0x4f, 0xd2, 0x19, 0x2d, 0xa2, 0x8b,
  0x25, 0x30, 0x88, 0xb3, 0x25, 0x1a, 0x3f, 0xab, 0x83, 0xe5, 0xc5, 0xe2,
  0x92, 0x4d, 0xe9, 0xa9, 0x0e, 0x37, 0x1c, 0xd9, 0xa9, 0xb3, 0xe6, 0x9b,
  0xd6, 0xaa, 0x5c, 0xf1, 0x14, 0xbb, 0x89, 0xf3, 0xbe, 0xf1, 0x09, 0x45,
  0x4b, 0x84, 0x4a, 0xb5, 0xab, 0xfb, 0xaa, 0x81, 0xe6, 0x84, 0x24, 0xc5,
  0x8b, 0xe6, 0x45, 0x7b, 0x7c, 0xfb, 0xb3, 0xd4, 0xfb, 0x44, 0x73, 0x9b,
  0x8c, 0x0e, 0x2c, 0x52, 0xeb, 0x86, 0x3b, 0x42, 0xa8, 0x18, 0xb1, 0xa6,
  0xa3, 0x1d, 0x6c, 0xfc, 0xcc, 0x66, 0x4a, 0xa6, 0x3d, 0x95, 0x1d, 0x54,
  0x6e, 0xe3, 0x7a, 0x13, 0x3b, 0x6c, 0x00, 0x40, 0x8b, 0xdb, 0xbe, 0xaf,
  0x43, 0x7f, 0x86, 0x6d, 0x7f, 0x54, 0x53, 0xc9, 0x41, 0xa7, 0xbd, 0xda,
  0x9a, 0xe5, 0xd5, 0xda, 0x78, 0x8a, 0x7d, 0x77, 0xba, 0x45, 0x35, 0x39,
  0xda, 0x99, 0xb4, 0xec, 0xaa, 0xa4, 0x28, 0x72, 0x84, 0xe2, 0x84, 0x71,
  0x84, 0x2d, 0x98, 0x8c, 0xdc, 0xa4, 0x05, 0x74, 0x23, 0xce, 0x2b, 0xaf,
  0xc2, 0x1f, 0xe9, 0xe8, 0xf1, 0xd5, 0xf0, 0x2c, 0x0c, 0x8b, 0x26, 0xbd,
  0x27, 0x45, 0xc2, 0xbd, 0xfd, 0x13, 0x69, 0xc8, 0x67, 0xd6, 0x41, 0x81,
  0xb0, 0x5a, 0x62, 0x43, 0x26, 0x09, 0xd1, 0x2f, 0x0f, 0xc8, 0x69, 0x14,
  0x7a, 0xca, 0x06, 0x0f, 0x97, 0x1d, 0xb5, 0xb0, 0xe4, 0x68, 0xd5, 0xb0,
  0x36, 0x16, 0x4e, 0x61, 0x1d, 0x77, 0x77, 0xe2, 0x85, 0x0d, 0xb7, 0xaf,
  0x5e, 0xf2, 0xe3, 0x47, 0x28, 0xad, 0xe2, 0xdc, 0xca, 0xb6, 0xdb, 0x0b,
  0x69, 0x0a, 0x3b, 0xa0, 0x0a, 0x3a, 0xde, 0xc5, 0x76, 0xc2, 0x4c, 0x30,
  0xdb, 0x79, 0xd3, 0x71, 0x27, 0x19, 0xd6, 0x1f, 0x17, 0xb5, 0xa0, 0xe2,
  0xae, 0x42, 0x1d, 0x75, 0x71, 0x59, 0x51, 0x4b, 0xa0, 0xa8, 0x5a, 0xf8,
  0xd9, 0x4b, 0xd0, 0xb6, 0xc0, 0x0e, 0xa7, 0x52, 0xb5, 0x36, 0x96, 0xae,
  0x19, 0x6a, 0x24, 0x82, 0x95, 0x70, 0x61, 0xb4, 0xbe, 0xbb, 0x0c, 0x1a,
  0x5e, 0xf8, 0xd8, 0x20, 0x88, 0xee, 0xc4, 0x8b, 0xc4, 0x62, 0xf5, 0xff,
  0x25, 0x05, 0xeb, 0x74, 0x85, 0xa6, 0x38, 0xe1, 0x6a, 0x17, 0x0e, 0xab,
  0xbe, 0x87, 0x40, 0xb0, 0x78, 0x63, 0x0b, 0x13, 0x63, 0xa9, 0xa8, 0xa1,
  0x46, 0x7e, 0x14, 0x96, 0x96, 0x5f, 0xdb, 0x76, 0x9f, 0xbd, 0x86, 0x04,
  0x40, 0x90, 0x2d, 0xf8, 0xdb, 0xca, 0x29, 0xfa, 0xb1, 0xf7, 0xbe, 0x6b,
  0xd0, 0xc8, 0x91, 0x43, 0x97, 0x6d, 0xdf, 0x96, 0xc2, 0xf4, 0x17, 0xa0,
  0xa6, 0x1f, 0x3f, 0x35, 0xd0, 0xff, 0xf0, 0xe3, 0xe0, 0x84, 0x7a, 0x6e,
  0x1e, 0xec, 0x71, 0x3b, 0x2a, 0xbe, 0xfb, 0xda, 0xd3, 0x1e, 0x93, 0x15,
  0x58, 0xa3, 0xfd, 0x06, 0x9e, 0x82, 0x35, 0xf0, 0x47, 0xb8, 0x7a, 0xa7,
  0x7f, 0xc7, 0xb8, 0xa7, 0xc7, 0x35, 0x11, 0x14, 0xf1, 0x49, 0x1b, 0xde,
  0x51, 0xba, 0x99, 0x61, 0xff, 0x7b, 0x15, 0x47, 0x83, 0xa2, 0x73, 0x76,
  0x2a, 0x1c, 0xc1, 0x4d, 0xb3, 0xaa, 0x62, 0x87, 0xa0, 0x8a, 0x38, 0x99,
  0xc3, 0xbb, 0xe5, 0xfb, 0xfe, 0x1e, 0xe4, 0x88, 0x6b, 0xea, 0xf9, 0xa1,
  0x77, 0xdd, 0x92, 0xd0, 0xbc, 0xa3, 0xe6, 0x87, 0x42, 0x21, 0x59, 0x36,
  0xda, 0xba, 0xba, 0xe1, 0xe8, 0x2a, 0xf6, 0xb3, 0x6a, 0x35, 0x7c, 0xb7,
  0x2b, 0x07, 0x16, 0x61, 0x26, 0x03, 0x0d, 0x57, 0xf4, 0xb4, 0xc7, 0x9a,
  0x93, 0x5e, 0x8e, 0xe6, 0x47, 0xff, 0x18, 0x67, 0xb6, 0x7b, 0x36, 0x0c,
  0xba, 0x0b, 0x53, 0x0d, 0x2f, 0xe7, 0x1e, 0xdd, 0x41, 0x4f, 0xf0, 0xa8,
  0xb1, 0xff, 0x70, 0x80, 0x99, 0xc5, 0x30, 0x8e, 0x58, 0x1e, 0x71, 0xa7,
  0xaf, 0x91, 0xae, 0x98, 0x54, 0x0c, 0x6e, 0xfe, 0x9a, 0x1a, 0x06, 0x51,
  0xab, 0xa5, 0x20, 0x91, 0x0d, 0x4f, 0x3c, 0xbe, 0xf9, 0xfc, 0x3d, 0x1a,
  0xb2, 0x73, 0xe3, 0x2d, 0x14, 0xef, 0xa0, 0x4d, 0x09, 0xa9, 0x93, 0xa3,
  0x24, 0x1d, 0xa9, 0x3e, 0xe5, 0xc8, 0x69, 0x9e, 0xf5, 0x96, 0xae, 0x5b,
  0x23, 0x47, 0x8e, 0x0e, 0x53, 0x0d, 0xad, 0x8f, 0x45, 0xb9, 0x53, 0xaf,
  0xd3, 0xc4, 0x96, 0xdd, 0xe0, 0x8b, 0x18, 0x86, 0xa6, 0x64, 0x7a, 0xbb,
  0xeb, 0x46, 0x54, 0x31, 0x69, 0x35, 0x9c, 0x21, 0xe8, 0x0c, 0xd6, 0x86,
  0xfa, 0xa7, 0x20, 0xe1, 0x97, 0xdc, 0xd6, 0x06, 0x36, 0x38, 0x26, 0x45,
  0x5c, 0x1b, 0x9c, 0x8d, 0x44, 0x48, 0x9b, 0x9f, 0x88, 0xab, 0x83, 0x22,
  0x0a, 0x26, 0x9d, 0x53, 0x56, 0x1f, 0x52, 0x3b, 0x39, 0xca, 0x53, 0x0f,
  0x77, 0x84, 0xfe, 0x69, 0xc5, 0xa9, 0xd7, 0x7d, 0x25, 0x18, 0x94, 0xd6,
  0x54, 0xe1, 0x31, 0xc7, 0xf5, 0x32, 0x4c, 0x0f, 0x82, 0xdd, 0x93, 0x16,
  0x88, 0x4e, 0x85, 0xb0, 0x8f, 0x46, 0x94, 0x00, 0xf2, 0xe6, 0xeb, 0x78,
  0x68, 0xf0, 0x66, 0x21, 0xda, 0xf6, 0xd2, 0x6e, 0xfd, 0x62, 0x6f, 0x93,
  0x1d, 0xce, 0xce, 0xb4, 0x61, 0x06, 0x84, 0x0c, 0x89, 0x4f, 0x4d, 0x5a,
  0x83, 0xf1, 0x9c, 0xd2, 0xcb, 0xa2, 0x8c, 0x90, 0xd2, 0xe4, 0x19, 0xe0,
  0xc4, 0xfd, 0x29, 0x11, 0x59, 0xaf, 0xf3, 0x15, 0x8b, 0x5e, 0x6f, 0x5b,
  0x04, 0x39, 0xf4, 0xdc, 0x29, 0xe8, 0x69, 0xfc, 0x54, 0xee, 0xd4, 0x3a,
  0x51, 0xbc, 0xa3, 0xc3, 0x74, 0xd6, 0x1a, 0x1d, 0xb6, 0x43, 0x15, 0x76,
  0xe7, 0x36, 0xd8, 0x7a, 0x4b, 0x39, 0x14, 0xd7, 0x8c, 0x77, 0x09, 0x37,
  0xa2, 0xf7, 0x98, 0x8d, 0x36, 0x21, 0x8c, 0x6e, 0xc7, 0x0d, 0xdd, 0x13,
  0x19, 0xad, 0xf3, 0x87, 0x83, 0x3e, 0xa6, 0x1a, 0x7d, 0x64, 0xe6, 0x65,
  0x52, 0x04, 0x61, 0x88, 0x21, 0xe3, 0xd8, 0x93, 0xcb, 0x51, 0x47, 0xb6,
  0x44, 0xdb, 0xda, 0x85, 0x34, 0xb4, 0x5c, 0xcf, 0x8f, 0x8a, 0x6a, 0x64,
  0xdd, 0x09, 0x02, 0xce, 0x5a, 0x38, 0x50, 0xf3, 0x53, 0x95, 0x14, 0x9f,
  0x3f, 0xca, 0xb2, 0x09, 0xd5, 0x6e, 0xb6, 0xbd, 0x03, 0x95, 0x8d, 0xbd,
  0x05, 0xeb, 0x18, 0xa2, 0x37, 0xe1, 0xaa, 0xb6, 0x83, 0xb1, 0x11, 0x2c,
  0x19, 0xc7, 0x67, 0x2e, 0x0e, 0x60, 0x4f, 0xa7, 0x0e, 0xce, 0x59, 0xc6,
  0xac, 0x18, 0x94, 0xee, 0x53, 0x97, 0x2d, 0xdc, 0xa5, 0xa6, 0x23, 0x91,
  0x0e, 0x1e, 0x3e, 0x6b, 0xb6, 0x4f, 0x4c, 0xb3, 0x8d, 0x87, 0xe1, 0xd8,
  0xe0, 0x36, 0xdc, 0xcd, 0x90, 0xee, 0x17, 0x6c, 0x94, 0x35, 0x35, 0xc3,
  0xd3, 0xd1, 0xa0, 0x63, 0x6b, 0x8d, 0xfb, 0x71, 0x55, 0x2d, 0x9d, 0xea,
  0x33, 0x22, 0x9f, 0x24, 0xbb, 0xa3, 0xc4, 0x02, 0xe3, 0x5c, 0xa8, 0xdb,
  0x5b, 0xe2, 0x30, 0x73, 0x42, 0xf5, 0xef, 0xe0, 0x25, 0x91, 0x87, 0x0b,
  0x82, 0x5d, 0xef, 0x68, 0x07, 0xdb, 0xd4, 0x61, 0x39, 0x1a, 0x5f, 0x66,
  0xd6, 0x6b, 0xdb, 0x2a, 0x15, 0x03, 0x0b, 0x5f, 0x0d, 0x0d, 0x7f, 0xee,
  0x60, 0xf0, 0x4e, 0x6c, 0x64, 0x72, 0xe0, 0x87, 0x5e, 0x9f, 0xc4, 0xf9,
  0xdd, 0x57, 0x4f, 0x4f, 0xa8, 0x26, 0xb6, 0xb9, 0xaf, 0x49, 0xda, 0xd4,
  0xc1, 0x60, 0xb9, 0x5e, 0xbc, 0x12, 0x7d, 0x45, 0x9e, 0x41, 0x40, 0xdf,
  0x3b, 0x8f, 0x50, 0x78, 0x3e, 0xeb, 0x3d, 0x67, 0xbf, 0xec, 0x75, 0xdf,
  0x10, 0x13, 0x16, 0x1c, 0x0c, 0x0f, 0x4b, 0x9d, 0x2e, 0x5d, 0xdf, 0x73,
  0x4e, 0x71, 0xea, 0xea, 0xa6, 0xef, 0x2e, 0x09, 0x9b, 0x90, 0x7e, 0x4f,
  0xcd, 0x08, 0x61, 0xd1, 0xa1, 0xaf, 0xe7, 0x8c, 0x10, 0xea, 0xec, 0xb5,
  0x3d, 0x84, 0x24, 0xf6, 0x26, 0xae, 0x55, 0x62, 0x37, 0xe7, 0x54, 0x61,
  0xfc, 0x28, 0x87, 0x15, 0x8e, 0x41, 0xd2, 0x5f, 0x71, 0x94, 0x01, 0x87,
  0x67, 0xcc, 0x36, 0x1d, 0x29, 0xfa, 0xc8, 0x83, 0x6f, 0xdc, 0x3e, 0x19,
  0x6a, 0x9a, 0xba, 0x0d, 0xfa, 0x37, 0x62, 0x7b, 0xad, 0xa3, 0x41, 0x7f,
  0xd6, 0x7f, 0xda, 0x3b, 0x6d, 0x30, 0xe3, 0xaf, 0x63, 0x77, 0xd9, 0x6e,
  0xed, 0xf6, 0xa2, 0x8b, 0xc1, 0xae, 0x3b, 0x29, 0x73, 0x37, 0x98, 0x7e,
  0xd4, 0xf8, 0x42, 0x58, 0x03, 0x5a, 0x97, 0x67, 0xa8, 0x7d, 0xd5, 0x47,
  0x12, 0x23, 0xe1, 0x40, 0xd8, 0xe4, 0x6f, 0x06, 0xbc, 0xab, 0xab, 0xe8,
  0xc9, 0x63, 0xd9, 0x1a, 0x4d, 0xad, 0x11, 0xc9, 0x9f, 0xdc, 0xb6, 0x97,
  0x55, 0xe4, 0xa1, 0x68, 0x72, 0x78, 0x0c, 0xf7, 0x1b, 0xb6, 0x1d, 0xba,
  0xa0, 0x85, 0xc3, 0x06, 0x5e, 0x36, 0xfc, 0x91, 0x96, 0xcf, 0x2b, 0xfa,
  0x19, 0x75, 0x00, 0x25, 0x63, 0xbf, 0xf5, 0xf1, 0x1d, 0xd3, 0x06, 0xe5,
  0xff, 0x15, 0x18, 0xff, 0xae, 0x7b, 0x38, 0x4e, 0x1b, 0xcf, 0x10, 0x7c,
  0x6f, 0xfa, 0xcb, 0xe1, 0x49, 0xf5, 0x0f, 0xea, 0xdc, 0x67, 0xf8, 0x4d,
  0x79, 0x8f, 0xaf, 0xce, 0x12, 0xa7, 0x77, 0xe4, 0x65, 0xf3, 0x6e, 0x9c,
  0xad, 0x82, 0x4e, 0x86, 0x77, 0xf4, 0xc7, 0x44, 0x3e, 0x4e, 0x1f, 0x86,
  0x92, 0xb3, 0x9e, 0x31, 0xa5, 0xd9, 0x91, 0x7e, 0xbc, 0x80, 0x2c, 0xdc,
  0xf5, 0x96, 0xf0, 0x42, 0xef, 0x31, 0x68, 0x32, 0x6b, 0x07, 0x59, 0x6c,
  0xba, 0xe9, 0x79, 0x54, 0xbe, 0x46, 0x94, 0x2f, 0x87, 0x25, 0xb8, 0xf5,
  0xa8, 0x71, 0x08, 0x87, 0x56, 0x4d, 0x8c, 0x8f, 0xc1, 0xbc, 0x32, 0x14,
  0xaf, 0xf8, 0x1e, 0x03, 0xd2, 0x73, 0x2f, 0x84, 0x7a, 0x26, 0x32, 0x1d,
  0x19, 0x38, 0x24, 0x29, 0x8d, 0xdf, 0x6e, 0xa6, 0x09, 0x15, 0xcf, 0x4e,
  0xb8, 0x8f, 0x74, 0xb0, 0x08, 0xb9, 0x42, 0x2f, 0x52, 0xca, 0xa3, 0x98,
  0x40, 0x23, 0xa0, 0x23, 0xa5, 0x5f, 0x2d, 0xb4, 0x1a, 0x07, 0x37, 0xcc,
  0x45, 0x2f, 0xf9, 0xa3, 0xd8, 0x41, 0x60, 0xa7, 0x1b, 0xd7, 0x19, 0x1b,
  0xe3, 0x56, 0x38, 0x46, 0x29, 0x2d, 0x71, 0xe3, 0xb9, 0x73, 0x5c, 0x9d,
  0x74, 0x4d, 0x87, 0xd4, 0xab, 0x03, 0xf9, 0x5b, 0xf2, 0x32, 0x9a, 0x36,
  0x09, 0x2d, 0x18, 0xbb, 0x02, 0x12, 0xb4, 0xe0, 0xc7, 0x22, 0x7d, 0x07,
  0xae, 0x23, 0xb6, 0x76, 0x4a, 0xde, 0xf9, 0xec, 0x6f, 0xda, 0x50, 0x00,
  0x3d, 0x7a, 0xac, 0x2d, 0xc3, 0xc1, 0xd8, 0xc9, 0x3f, 0x5c, 0x94, 0xf4,
  0xca, 0x3e, 0x5f, 0xff, 0x9e, 0xb3, 0xfe, 0xcf, 0x1f, 0x07, 0x7a, 0x2b,
  0x92, 0x36, 0xc4, 0x16, 0x80, 0x3b, 0xbd, 0x0d, 0x27, 0xf4, 0x3c, 0xcd,
  0x6d, 0x5e, 0xb4, 0x2f, 0x54, 0x35, 0xb9, 0xcf, 0x15, 0x05, 0x61, 0xfd,
  0x58, 0x84, 0xde, 0x41, 0x21, 0xc0, 0x70, 0x66, 0xdc, 0x24, 0x3c, 0x97,
  0x60, 0x8a, 0x32, 0x5f, 0xd8, 0xef, 0xc1, 0x54, 0xf9, 0x23, 0x86, 0xf9,
  0x35, 0x47, 0x46, 0x28, 0xdb, 0x08, 0x80, 0x94, 0x18, 0x3b, 0xfc, 0xa6,
  0xa6, 0xe1, 0x68, 0xe6, 0xe3, 0x19, 0x86, 0x9f, 0xe8, 0x91, 0xe6, 0xf5,
  0x3a, 0x12, 0xd4, 0xef, 0x7d, 0xc2, 0xe2, 0xbb, 0xc9, 0x1a, 0x60, 0x66,
  0x5f, 0x01, 0xa8, 0xcf, 0x96, 0xad, 0x16, 0x4a, 0xf2, 0xa1, 0xbc, 0x0a,
  0x21, 0x25, 0x1f, 0x1b, 0xa4, 0xaf, 0x26, 0xc0, 0x59, 0x83, 0xb7, 0xb6,
  0x4a, 0x82, 0xd4, 0xc3, 0x57, 0x33, 0xf6, 0xcb, 0xf7, 0x65, 0x8c, 0x40,
  0xd2, 0xa1, 0x67, 0xda, 0x81, 0x64, 0xe1, 0x93, 0x93, 0x45, 0x7d, 0x3c,
  0x11, 0x56, 0x00, 0xc4, 0xb6, 0xef, 0x7a, 0x71, 0xe3, 0xf7, 0xc3, 0xa3,
  0x9a, 0xd9, 0x0d, 0x0d, 0x13, 0x9d, 0x93, 0xa9, 0xe8, 0xa2, 0xef, 0x10,
  0xbd, 0xa9, 0x7e, 0x97, 0x25, 0x0a, 0x76, 0xb8, 0x09, 0x48, 0x18, 0x6d,
  0x3d, 0x38, 0x64, 0xba, 0x29, 0x21, 0xc4, 0xbc, 0x13, 0x3e, 0x78, 0x67,
  0x2e, 0xf6, 0x22, 0x6d, 0x38, 0x59, 0xc6, 0x8e, 0xd9, 0x0e, 0x5d, 0xd3,
  0xa9, 0x76, 0xd5, 0x57, 0x9e, 0x69, 0x66, 0x8c, 0xeb, 0x10, 0x0e, 0xc4,
  0x8d, 0x38, 0x27, 0x05, 0xbb, 0xd3, 0x73, 0xeb, 0x4e, 0x32, 0x66, 0xb7,
  0x39, 0x37, 0xfc, 0x7a, 0xc3, 0x81, 0xe8, 0xde, 0xfb, 0xe2, 0xc8, 0x5f,
  0xdb, 0xff, 0x4b, 0xbb, 0x22, 0xf0, 0xe3, 0x62, 0x70, 0x9d, 0x6d, 0x4a,
  0xd2, 0xaf, 0xcd, 0xd6, 0x61, 0x1a, 0xad, 0x1e, 0x05, 0xcb, 0xc9, 0x5d,
  0xcd, 0x21, 0x29, 0xa5, 0xb0, 0xe2, 0x9d, 0x82, 0x70, 0xb2, 0xcb, 0x69,
  0x92, 0xd6, 0x59, 0x3f, 0xdf, 0x6a, 0x6f, 0xc2, 0xbb, 0xa9, 0x56, 0x8a,
  0x53, 0x7a, 0xdb, 0x17, 0x8a, 0x59, 0x1e, 0xb0, 0x88, 0xdd, 0xc4, 0x4b,
  0xa3, 0xac, 0x22, 0x23, 0xea, 0x7d, 0x82, 0x0d, 0xb7, 0x8f, 0xd1, 0x3c,
  0xb7, 0x13, 0x53, 0x95, 0x28, 0xd7, 0x55, 0xd5, 0x32, 0x85, 0xd0, 0xef,
  0x8b, 0x30, 0xe1, 0x9e, 0x22, 0x55, 0xea, 0x6a, 0x7a, 0x50, 0xf2, 0x10,
  0xb9, 0x4a, 0x38, 0x84, 0x40, 0x40, 0x35, 0xa7, 0x8e, 0xf9, 0x94, 0xab,
  0xa1, 0x43, 0x29, 0x86, 0x5b, 0x9f, 0xbf, 0x1c, 0x88, 0x63, 0x4f, 0x5e,
  0x72, 0x0b, 0x54, 0xbd, 0x8c, 0x46, 0x15, 0xa1, 0xb9, 0x3d, 0x55, 0xb2,
  0xe4, 0x08, 0xfc, 0xfa, 0x27, 0xc7, 0xb9, 0xd0, 0xea, 0xa0, 0xf7, 0xa9,
  0x36, 0xbc, 0x99, 0x08, 0x1b, 0x54, 0xcb, 0xe5, 0x7a, 0x2d, 0x97, 0x11,
  0x0a, 0x6b, 0x37, 0x2e, 0x25, 0xce, 0xa3, 0x5d, 0x45, 0x48, 0x67, 0xcf,
  0x91, 0x6e, 0x3c, 0x0a, 0x03, 0x6c, 0x60, 0x91, 0xb4, 0x9c, 0xf5, 0xa3,
  0x51, 0x19, 0x1b, 0x14, 0x87, 0xa6, 0xb2, 0xf1, 0x1b, 0x31, 0xde, 0x3c,
  0xe6, 0xac, 0xaa, 0x8c, 0xf4, 0x33, 0x93, 0x6f, 0x9d, 0xcf, 0x8b, 0x39,
  0xbd, 0x4f, 0xd2, 0x79, 0x1e, 0x55, 0xb1, 0x29, 0x52, 0x3d, 0x99, 0x31,
  0xe5, 0xdc, 0x37, 0x72, 0xa4, 0x47, 0x45, 0xe2, 0x4b, 0x13, 0x42, 0x2c,
  0x2e, 0x71, 0x69, 0x2d, 0x90, 0xa1, 0xaf, 0x26, 0x43, 0xe4, 0xd1, 0x04,
  0x43, 0x7c, 0x1b, 0x67, 0x93, 0x39, 0xe5, 0xc2, 0x4f, 0x72, 0x29, 0x46,
  0x09, 0xa4, 0xe8, 0x9e, 0x44, 0x13, 0xe2, 0x94, 0x5d, 0x88, 0xd2, 0xfa,
  0x22, 0x47, 0x75, 0x54, 0x93, 0x25, 0x52, 0x0d, 0x77, 0xa3, 0x51, 0x73,
  0x3c, 0xe5, 0xf3, 0x15, 0xa5, 0x50, 0xd8, 0xe6, 0x88, 0x28, 0x85, 0xa4,
  0x2f, 0xad, 0x1d, 0xc7, 0xf9, 0x39, 0x0f, 0x12, 0x6d, 0x86, 0x12, 0x6d,
  0x33, 0x53, 0x6d, 0x6e, 0x00, 0x11, 0x1f, 0x87, 0xf7, 0x63, 0xc9, 0x6b,
  0xd3, 0x01, 0x50, 0xd9, 0x88, 0x98, 0xb8, 0xc5, 0x90, 0x1d, 0xef, 0x8b,
  0x40, 0xaa, 0xd4, 0x33, 0x89, 0x80, 0x40, 0xda, 0x11, 0x8c, 0x49, 0x34,
  0xbf, 0xdc, 0x42, 0xa7, 0x3b, 0x4d, 0xa5, 0xcb, 0x4c, 0xa0, 0x63, 0xdd,
  0x4b, 0x4a, 0xb2, 0x52, 0xf4, 0x0a, 0x11, 0x38, 0xe0, 0x7c, 0x09, 0x2b,
  0xa4, 0x09, 0x0a, 0x8c, 0xc4, 0x5b, 0xc3, 0x44, 0xfa, 0x68, 0x74, 0x10,
  0x11, 0xbf, 0x4d, 0xc4, 0xb7, 0x82, 0xec, 0x0a, 0x5c, 0x9e, 0xf1, 0x63,
  0xc0, 0x48, 0x56, 0x7d, 0xf7, 0x78, 0xee, 0xa9, 0xc7, 0x11, 0x07, 0xc2,
  0xbc, 0xd3, 0xed, 0xc2, 0x96, 0x18, 0x26, 0xb3, 0x68, 0xd7, 0xb9, 0xbe,
  0x1d, 0x0b, 0x45, 0x94, 0xfa, 0x1b, 0xc6, 0x30, 0x13, 0x2d, 0x06, 0x05,
  0x7b, 0x94, 0x9a, 0x5b, 0xf9, 0x20, 0x97, 0x37, 0x01, 0x58, 0x85, 0xd6,
  0x02, 0x84, 0x8b, 0xa1, 0xc0, 0xb6, 0xd4, 0x53, 0xd4, 0xb9, 0x6a, 0x1c,
  0xb4, 0xe4, 0x57, 0x47, 0x64, 0xef, 0xdb, 0x6d, 0xac, 0xf9, 0x9c, 0xcb,
  0x99, 0xe0, 0xa0, 0x2c, 0x2f, 0x45, 0x19, 0x5e, 0xbf, 0xb3, 0xe1, 0x4e,
  0xdb, 0xf0, 0x55, 0xaa, 0x12, 0x39, 0x8b, 0x12, 0x72, 0x30, 0x4c, 0xd4,
  0xae, 0xf0, 0xd5, 0x0c, 0x57, 0x72, 0xee, 0x5d, 0xa1, 0x46, 0x22, 0xe5,
  0xdf, 0xa5, 0x10, 0x83, 0xbe, 0x2f, 0xc3, 0xef, 0xf7, 0x27, 0x23, 0x06,
  0x7d, 0xff, 0x5b, 0xaa, 0xef, 0x6c, 0x5e, 0xac, 0x3d, 0x85, 0xfb, 0x94,
  0x5e, 0x75, 0x9a, 0x88, 0xe8, 0x67, 0xc4, 0x0d, 0xf3, 0x9d, 0xbe, 0xbf,
  0x15, 0x4a, 0x13, 0xef, 0xa4, 0x3c, 0x37, 0x2c, 0x1a, 0x07, 0xb1, 0xdb,
  0xa5, 0x52, 0xb1, 0x26, 0x87, 0x98, 0x8b, 0x57, 0x8b, 0xc5, 0x4a, 0xf9,
  0x26, 0x5f, 0xb9, 0x41, 0x40, 0x02, 0x1e, 0x3f, 0x0a, 0x7c, 0x26, 0xd1,
  0xf6, 0xe7, 0x0d, 0x15, 0x94, 0xf1, 0x43, 0xb2, 0x7d, 0xf6, 0x33, 0xbd,
  0x87, 0x96, 0x2c, 0x0c, 0x29, 0xe8, 0x93, 0x0b, 0xdc, 0xf2, 0xa1, 0x48,
  0xab, 0xec, 0x69, 0x39, 0x4a, 0xc8, 0x5d, 0x78, 0x7b, 0xfa, 0x90, 0x68,
  0x8b, 0x9d, 0x03, 0xfc, 0x14, 0x71, 0xae, 0x55, 0x57, 0xbb, 0xb9, 0x39,
  0xd8, 0xf3, 0xd5, 0xa3, 0x48, 0x77, 0xeb, 0xb9, 0x12, 0x95, 0x5d, 0x8b,
  0xd2, 0x2a, 0x73, 0xbb, 0xb0, 0x95, 0x23, 0x47, 0x69, 0xf2, 0x19, 0x3a,
  0x41, 0x80, 0xe5, 0x75, 0x65, 0x2a, 0x54, 0x75, 0xcc, 0xde, 0xc9, 0xbd,
  0x00, 0xa5, 0x15, 0x44, 0x4c, 0xa4, 0xa8, 0x3c, 0x49, 0x94, 0x18, 0x6b,
  0x40, 0xf1, 0x91, 0xe8, 0xb9, 0x2e, 0xe4, 0x4c, 0x7d, 0x28, 0xd6, 0xb8,
  0xef, 0x44, 0xe1, 0xe4, 0x41, 0x08, 0x19, 0x43, 0xe3, 0xa0, 0x7b, 0xfd,
  0xda, 0xdc, 0x20, 0xa6, 0x80, 0x76, 0xf3, 0xc1, 0x4b, 0xa6, 0x02, 0xab,
  0xa5, 0x8a, 0x41, 0x8a, 0xe8, 0x97, 0xc8, 0x69, 0x9d, 0x49, 0xbf, 0x80,
  0x53, 0xf5, 0x45, 0xb1, 0x6c, 0x1f, 0xca, 0x30, 0x59, 0x9f, 0x24, 0x57,
  0x42, 0x35, 0x81, 0x0c, 0x8a, 0x25, 0xe9, 0xdc, 0x82, 0x13, 0x7d, 0x1d,
  0x01, 0x62, 0x21, 0x74, 0x10, 0x23, 0x0e, 0x2c, 0x42, 0x58, 0x28, 0x08,
  0xf4, 0xf5, 0xa6, 0xe5, 0x14, 0x5e, 0x65, 0xda, 0x4d, 0xcf, 0xbc, 0x8e,
  0xd4, 0x5e, 0x13, 0x61, 0x47, 0x31, 0x0e, 0xa5, 0x23, 0x51, 0x5f, 0xcb,
  0x85, 0x1b, 0x91, 0x88, 0x83, 0xd8, 0xfd, 0x40, 0x03, 0xc5, 0x65, 0xe8,
  0x1e, 0x3f, 0xa2, 0xdf, 0xd4, 0x40, 0xa9, 0xd4, 0x91, 0x79, 0xda, 0xf2,
  0x10, 0x91, 0x40, 0x23, 0x41, 0xb2, 0x77, 0x29, 0x4d, 0xfe, 0x3e, 0xc8,
  0x85, 0xb0, 0x44, 0x74, 0x98, 0x45, 0xbb, 0x0d, 0x7a, 0x21, 0x4b, 0x1e,
  0x78, 0xf8, 0x62, 0x19, 0xdd, 0x2e, 0x11, 0x98, 0x3d, 0x49, 0x2a, 0xf1,
  0x6a, 0x38, 0x4c, 0x14, 0x47, 0x05, 0x31, 0x5e, 0x8b, 0x5e, 0xf5, 0xc9,
  0xf1, 0xf2, 0x54, 0x5f, 0x03, 0x3d, 0x45, 0xff, 0xdb, 0x93, 0xa6, 0x9f,
  0x0b, 0xa3, 0x79, 0xc6, 0x60, 0x50, 0xb8, 0xa9, 0xca, 0xcf, 0x67, 0x66,
  0x93, 0xc2, 0x89, 0xb3, 0xa8, 0xc1, 0x5f, 0xa6, 0x98, 0x73, 0x52, 0x8e,
  0x12, 0x72, 0x97, 0xde, 0x82, 0xe4, 0x7a, 0x4a, 0x06, 0x8e, 0x0b, 0xe9,
  0xa3, 0xe3, 0x70, 0x85, 0x17, 0x66, 0xa2, 0x4e, 0xab, 0x22, 0x93, 0xf7,
  0x65, 0xa7, 0xf5, 0xcb, 0xce, 0x98, 0x97, 0x7d, 0xba, 0x82, 0xc3, 0x3c,
  0x54, 0xa8, 0xe4, 0xb9, 0xf8, 0x4f, 0x29, 0xdf, 0x17, 0x99, 0x2a, 0x2d,
  0xeb, 0xf8, 0xd9, 0x81, 0x9a, 0x91, 0x6a, 0x95, 0xa8, 0x9a, 0x9c, 0x94,
  0x5c, 0x0a, 0x70, 0x0d, 0xe2, 0x5b, 0x09, 0x76, 0xf1, 0x63, 0x0b, 0x1a,
  0xd3, 0x74, 0x89, 0xae, 0x70, 0xf2, 0x6d, 0x2f, 0x43, 0x71, 0x97, 0xe6,
  0x76, 0x8e, 0x05, 0xc0, 0xbb, 0xf2, 0xdf, 0x39, 0x09, 0xce, 0x5c, 0x6d,
  0x08, 0x3f, 0x14, 0xa1, 0x73, 0x46, 0x21, 0xef, 0xd9, 0x09, 0xce, 0xdd,
  0xfa, 0x1c, 0x54, 0xed, 0x46, 0x4a, 0x4f, 0xe0, 0x9c, 0x09, 0x05, 0xfd,
  0x9d, 0x16, 0xc4, 0x9e, 0xa2, 0x69, 0x5f, 0x12, 0x5b, 0x64, 0x93, 0xb3,
  0x1f, 0x43, 0xff, 0xce, 0x46, 0x44, 0xfe, 0xa4, 0xde, 0x8d, 0xb7, 0x06,
  0x81, 0x1d, 0xae, 0x41, 0x56, 0x3e, 0x75, 0xb4, 0xd3, 0xf7, 0xa9, 0xe8,
  0xf3, 0xbe, 0x1e, 0x7e, 0x29, 0xb1, 0x35, 0xf6, 0xa2, 0x93, 0xdc, 0x67,
  0xef, 0x84, 0x31, 0xce, 0xdf, 0xbb, 0xc3, 0x15, 0x61, 0x07, 0xf7, 0x95,
  0x13, 0x0e, 0x04, 0xe7, 0xd3, 0x91, 0x3f, 0x06, 0x2d, 0x89, 0x03, 0x75,
  0x19, 0x96, 0x09, 0xad, 0x0b, 0x05, 0xee, 0xfb, 0xe1, 0x66, 0x88, 0x65,
  0x13, 0xcb, 0xd5, 0x0e, 0x3f, 0x1d, 0x91, 0x81, 0x28, 0xef, 0xe4, 0xa7,
  0xe0, 0xdd, 0x71, 0x9b, 0xef, 0x14, 0x55, 0x15, 0x13, 0x92, 0x99, 0xe2,
  0xfd, 0xe2, 0x56, 0x91, 0x2f, 0xde, 0x5f, 0x22, 0x1b, 0x79, 0x44, 0x8e,
  0x12, 0x72, 0x17, 0xde, 0xbc, 0xee, 0xa7, 0x32, 0x40, 0xcf, 0xef, 0x23,
  0x4f, 0x45, 0x3f, 0xb5, 0x48, 0x8b, 0x91, 0xab, 0xb3, 0xf3, 0x7d, 0x91,
  0x44, 0xd0, 0x71, 0x59, 0x4a, 0xc9, 0x5f, 0x5a, 0x41, 0xc4, 0xe8, 0x7e,
  0x36, 0x05, 0x51, 0xd4, 0x16, 0x56, 0x8e, 0x3f, 0x66, 0xd3, 0x90, 0x12,
  0xf1, 0xfd, 0x39, 0xc2, 0xa4, 0x2e, 0xb2, 0x2a, 0xff, 0x22, 0x94, 0x56,
  0x93, 0x44, 0x97, 0x87, 0x05, 0x28, 0xf6, 0xf7, 0x5d, 0x15, 0x45, 0x24,
  0x93, 0xc4, 0x18, 0x9f, 0xac, 0x8f, 0x5a, 0xcc, 0x08, 0xbf, 0x2f, 0xd3,
  0xf9, 0x41, 0x9f, 0x20, 0xdb, 0x54, 0x02, 0x60, 0x46, 0x2b, 0xa9, 0x97,
  0xb1, 0x74, 0x70, 0x5d, 0x59, 0xe2, 0x8e, 0x6a, 0xf7, 0x3c, 0xc5, 0x58,
  0x3f, 0x43, 0x81, 0x57, 0xc3, 0xe8, 0x43, 0x18, 0x54, 0xa9, 0x6e, 0xce,
  0x17, 0x62, 0xbc, 0xdf, 0x8b, 0x95, 0xc9, 0x79, 0x5b, 0x00, 0x81, 0xbd,
  0x97, 0x89, 0x5c, 0xcb, 0xe5, 0xa7, 0xee, 0x8b, 0x94, 0x1e, 0x9f, 0x21,
  0x5c, 0x52, 0x3d, 0xaf, 0x23, 0xb9, 0x7e, 0xa4, 0x7a, 0xfa, 0xba, 0xe3,
  0xc3, 0x25, 0xa2, 0x7d, 0xbb, 0xe5, 0x69, 0x70, 0x68, 0x0e, 0xd1, 0x5c,
  0xef, 0x7a, 0xdb, 0x53, 0xf5, 0x0f, 0x18, 0x89, 0x57, 0xdb, 0x82, 0xe5,
  0x9b, 0x9e, 0xc0, 0xa8, 0xf3, 0xac, 0xef, 0x35, 0x55, 0x33, 0x27, 0x90,
  0x50, 0x17, 0xa3, 0xac, 0x6f, 0x17, 0xa9, 0x12, 0x72, 0x72, 0xd1, 0x4c,
  0xb6, 0xe3, 0xf7, 0x6d, 0x09, 0x55, 0x9c, 0x92, 0x62, 0x79, 0x99, 0x4b,
  0x2b, 0x82, 0x58, 0x41, 0x9d, 0xcf, 0x28, 0xe3, 0x7e, 0xc8, 0x09, 0x8b,
  0x24, 0x57, 0xf9, 0xd8, 0x7d, 0x91, 0xb2, 0xe9, 0x59, 0xe2, 0x14, 0x5c,
  0x85, 0xd2, 0x9a, 0x22, 0xd6, 0x49, 0x67, 0x00, 0xe7, 0xa4, 0x71, 0xbb,
  0x59, 0x74, 0xa3, 0x44, 0x01, 0xf4, 0x49, 0xd8, 0xe3, 0xbc, 0xf2, 0x96,
  0xd6, 0x82, 0x24, 0x42, 0x62, 0x98, 0xc5, 0xc9, 0xc7, 0xe8, 0x7a, 0x7d,
  0xd8, 0x0f, 0x6b, 0xb6, 0x8d, 0x90, 0xcf, 0x3c, 0x2f, 0x82, 0xa3, 0xe8,
  0xd9, 0xaa, 0x72, 0x98, 0x40, 0x4c, 0xc3, 0xb7, 0xea, 0x0c, 0x91, 0x78,
  0x44, 0xee, 0xff, 0x9e, 0xf8, 0x35, 0x5a, 0x43, 0x22, 0xed, 0xd3, 0xe5,
  0x58, 0x30, 0x89, 0x86, 0x56, 0xa6, 0x6f, 0x7f, 0xab, 0xe6, 0xe0, 0xdf,
  0x63, 0xb4, 0xfc, 0x88, 0x49, 0x43, 0x48, 0x6e, 0xa7, 0xd1, 0xd2, 0x21,
  0xb8, 0x8b, 0xb5, 0xad, 0x34, 0x91, 0xcd, 0xd4, 0x75, 0xf8, 0x67, 0x8b,
  0xc6, 0x12, 0x55, 0x8a, 0x5a, 0x79, 0x10, 0x4e, 0xe6, 0x5b, 0x0d, 0xb2,
  0xec, 0xe1, 0xa1, 0xa3, 0x09, 0xa5, 0xa6, 0x24, 0x06, 0xe2, 0xc5, 0xfa,
  0xba, 0x6f, 0x01, 0xa2, 0x09, 0xb7, 0xc2, 0x9c, 0x39, 0x2d, 0xb1, 0xf2,
  0x8b, 0xe0, 0x2d, 0xad, 0xe7, 0x44, 0xd8, 0xef, 0x8b, 0x74, 0xca, 0x4a,
  0xdb, 0x43, 0x07, 0x4b, 0x31, 0x89, 0x2f, 0x3b, 0xe8, 0x8c, 0xa5, 0x23,
  0x3e, 0x88, 0xc9, 0xad, 0x35, 0xf5, 0xab, 0x8f, 0x41, 0x8e, 0xce, 0xb8,
  0x8a, 0x1e, 0x0d, 0x5a, 0x4d, 0x84, 0xa7, 0xc3, 0x96, 0x3c, 0x68, 0x6e,
  0x5c, 0xbb, 0x69, 0xa9, 0x47, 0x04, 0x77, 0x4f, 0xa9, 0x63, 0xdf, 0x4d,
  0xcd, 0x28, 0x22, 0x47, 0x6d, 0x3f, 0xa9, 0xbf, 0x06, 0xb1, 0x50, 0xf2,
  0xaa, 0x6f, 0xdb, 0x74, 0x24, 0x33, 0x19, 0x03, 0x9b, 0xee, 0x8a, 0xfa,
  0x7b, 0x5a, 0x63, 0xc2, 0xed, 0x1d, 0x6e, 0x82, 0x9e, 0x2b, 0x55, 0x25,
  0x5a, 0xd1, 0x57, 0xf5, 0x88, 0xab, 0x78, 0xa4, 0x0b, 0x41, 0x1a, 0x7a,
  0x5f, 0x21, 0x52, 0x9c, 0x0b, 0x69, 0x46, 0x6a, 0x3e, 0xf8, 0xfd, 0x0c,
  0xc2, 0x0a, 0x13, 0xa5, 0x67, 0x84, 0x55, 0x4f, 0x95, 0x15, 0xe7, 0x0b,
  0xd1, 0xa9, 0x7d, 0x6c, 0x9d, 0x6e, 0xe7, 0x29, 0x4f, 0x1d, 0xef, 0x60,
  0x92, 0x6b, 0xe0, 0xb9, 0x49, 0x80, 0x44, 0xa7, 0xf6, 0x4c, 0xdb, 0x79,
  0x11, 0xb6, 0x81, 0xb4, 0x0c, 0x4b, 0xcb, 0x5b, 0x7a, 0x27, 0x16, 0xb9,
  0x06, 0x32, 0x68, 0x01, 0x75, 0x39, 0x12, 0x6b, 0x20, 0xce, 0xae, 0xdf,
  0x1b, 0xa9, 0x42, 0x91, 0x4e, 0x54, 0x47, 0x04, 0x29, 0x22, 0x79, 0x69,
  0xa5, 0x10, 0xe9, 0x4d, 0x33, 0x78, 0x0b, 0xa9, 0xee, 0x77, 0x99, 0xf4,
  0xa1, 0x04, 0x2f, 0xe9, 0x84, 0x0c, 0x4b, 0xcb, 0x5b, 0x5a, 0x0b, 0x44,
  0x5a, 0x89, 0x4b, 0x29, 0x5b, 0xbd, 0x2f, 0xc1, 0x29, 0xf1, 0xa7, 0x2b,
  0x5b, 0xbd, 0x4f, 0xf4, 0x88, 0x32, 0x43, 0x1c, 0xe0, 0x81, 0x1f, 0x39,
  0x13, 0x0f, 0x38, 0xa3, 0x3b, 0x48, 0x6f, 0x3a, 0xee, 0x28, 0x6b, 0x67,
  0x18, 0xee, 0xa3, 0x92, 0xd6, 0x2b, 0x03, 0x7e, 0xd0, 0x64, 0x2d, 0xdb,
  0x95, 0x19, 0x35, 0x52, 0x90, 0x14, 0xac, 0x54, 0x47, 0xa9, 0xe9, 0x74,
  0xe2, 0x40, 0xd4, 0xa4, 0x69, 0xbe, 0x5d, 0x3b, 0x52, 0xc3, 0x26, 0x76,
  0xaa, 0x37, 0x44, 0xd1, 0xe9, 0xdb, 0x34, 0x7f, 0xff, 0xc8, 0x6e, 0x0e,
  0x17, 0xa7, 0xfd, 0xcf, 0x46, 0x68, 0x25, 0x53, 0x5c, 0x47, 0x93, 0x84,
  0x27, 0xcf, 0x0a, 0x8f, 0x2f, 0x4b, 0xa2, 0x75, 0x5f, 0x84, 0xaa, 0xe4,
  0x4f, 0x44, 0xa2, 0x75, 0x2f, 0x62, 0xd8, 0xd7, 0x3a, 0x43, 0x05, 0x6b,
  0xb1, 0x8a, 0xc4, 0xfb, 0x12, 0x60, 0xf6, 0x33, 0x2a, 0x12, 0x75, 0xec,
  0x9a, 0x35, 0xb1, 0x08, 0xfa, 0x62, 0x4e, 0x34, 0x11, 0xd9, 0x3e, 0xee,
  0xb6, 0x3c, 0x23, 0x16, 0x7a, 0x1c, 0xb3, 0x30, 0x09, 0x11, 0xce, 0xa4,
  0x33, 0x65, 0x7a, 0xfb, 0x9c, 0x4d, 0xef, 0x22, 0xa3, 0x37, 0x8c, 0x08,
  0x32, 0xbf, 0x9c, 0x78, 0xa6, 0x88, 0x32, 0xef, 0xbb, 0xa2, 0x67, 0x61,
  0xf3, 0x50, 0xdc, 0xa6, 0xb5, 0x45, 0x74, 0x4c, 0x5a, 0x29, 0x3b, 0x5a,
  0xfb, 0x2c, 0xda, 0x54, 0x08, 0x60, 0x7e, 0xaa, 0x6c, 0xe3, 0x31, 0xfa,
  0x75, 0x86, 0x7d, 0xb3, 0x6d, 0x45, 0xdb, 0xce, 0x6c, 0x31, 0xfb, 0xdd,
  0xea, 0x95, 0x8c, 0x29, 0xcf, 0x46, 0x91, 0x8d, 0xb7, 0x50, 0x77, 0x8a,
  0xe2, 0xac, 0xd2, 0x32, 0x2d, 0x04, 0x4a, 0x29, 0x81, 0x16, 0x3f, 0x43,
  0x36, 0x71, 0x0c, 0x04, 0x73, 0x08, 0x8a, 0x42, 0x5c, 0x65, 0x3d, 0x16,
  0x85, 0x2a, 0x03, 0x49, 0x6d, 0x13, 0x2d, 0xc9, 0x33, 0xd0, 0xa4, 0xa5,
  0x46, 0xb7, 0xc7, 0x19, 0x6d, 0x4e, 0x51, 0xb1, 0x14, 0xc7, 0x59, 0xf6,
  0x5e, 0x36, 0x6d, 0x8b, 0x57, 0x1c, 0x6b, 0x29, 0xc7, 0x4b, 0x17, 0x51,
  0xb5, 0x22, 0x64, 0x67, 0xa7, 0x4a, 0x26, 0x8e, 0xd0, 0x54, 0x54, 0x65,
  0x3a, 0x35, 0x4e, 0x06, 0xda, 0xb3, 0x34, 0xff, 0x75, 0x33, 0x8f, 0x41,
  0xfb, 0xd4, 0x11, 0xa0, 0x62, 0xbf, 0xc8, 0x95, 0x31, 0x2e, 0x5f, 0x63,
  0x69, 0x64, 0x92, 0x7c, 0x18, 0x11, 0xcd, 0x7d, 0x9a, 0x2a, 0x51, 0xa7,
  0x5b, 0xf9, 0xc9, 0x4a, 0x7d, 0xa4, 0xf3, 0x9c, 0xa1, 0x5a, 0xc2, 0xba,
  0xf6, 0xf2, 0xc9, 0x11, 0xbe, 0x98, 0x95, 0xad, 0xfb, 0xa5, 0x80, 0xda,
  0x9d, 0x2d, 0xf3, 0x78, 0xa4, 0x3e, 0xaf, 0xd4, 0x05, 0xf9, 0x9d, 0x81,
  0xf8, 0x3e, 0x31, 0x5c, 0x96, 0x3e, 0x5c, 0xd4, 0x66, 0x44, 0x53, 0xd3,
  0x5f, 0xb4, 0xc2, 0x48, 0x74, 0x4c, 0xaf, 0xf4, 0xf1, 0xa9, 0xcf, 0xbd,
  0x3d, 0xb4, 0x50, 0x2c, 0x7a, 0x41, 0xce, 0x39, 0xa3, 0x91, 0x56, 0xb8,
  0xbd, 0xe0, 0x7d, 0x91, 0x6a, 0x98, 0xe7, 0xb7, 0x17, 0x44, 0x52, 0xd8,
  0x36, 0x9b, 0x1e, 0x96, 0x09, 0xb0, 0x26, 0xf7, 0x0e, 0x44, 0xb9, 0x95,
  0xe6, 0x52, 0x54, 0x34, 0x9b, 0x09, 0x4f, 0x03, 0xe9, 0x72, 0x64, 0xd3,
  0x7f, 0xaf, 0x5e, 0x84, 0x23, 0x87, 0xd3, 0xa9, 0x0a, 0x44, 0xa8, 0x35,
  0x71, 0x3c, 0xd8, 0x6d, 0x23, 0x92, 0x97, 0xd4, 0x83, 0xc4, 0x3a, 0x4b,
  0x6d, 0x09, 0xe9, 0x03, 0xe4, 0x8c, 0xc9, 0x21, 0x6d, 0x5f, 0x72, 0xc3,
  0x5b, 0xd5, 0xbc, 0xec, 0x34, 0x08, 0x40, 0x9b, 0x48, 0x34, 0x11, 0x6e,
  0x43, 0xb6, 0xd3, 0xcb, 0xce, 0x37, 0x5d, 0xad, 0x40, 0x10, 0x01, 0xba,
  0xd1, 0xd5, 0x0a, 0x6d, 0x0b, 0x34, 0x2e, 0x05, 0x9a, 0x19, 0xb9, 0x6a,
  0x65, 0xd6, 0xe1, 0x9e, 0x9b, 0xbe, 0xe3, 0x67, 0xc5, 0xc4, 0xab, 0xa6,
  0x6a, 0x3b, 0x47, 0x69, 0xe7, 0x9a, 0xd0, 0x0a, 0xcc, 0x31, 0x61, 0x28,
  0x24, 0xa9, 0x8d, 0xaf, 0xb7, 0x5d, 0x31, 0xe7, 0xd9, 0x9d, 0x57, 0xe1,
  0xae, 0xa9, 0xdd, 0x34, 0x7c, 0x25, 0xec, 0xc7, 0x39, 0x0c, 0x50, 0xe2,
  0x8a, 0xdb, 0x4d, 0x17, 0xa2, 0xa7, 0xd3, 0xd4, 0x5a, 0xee, 0x24, 0x76,
  0x2f, 0xf2, 0x17, 0xe6, 0x24, 0xf3, 0xa9, 0x69, 0x6d, 0x13, 0x71, 0xcf,
  0x85, 0x1a, 0x6e, 0xdc, 0x97, 0xa2, 0x2c, 0x3c, 0x5d, 0x3c, 0x71, 0x98,
  0x03, 0x88, 0xf3, 0xf1, 0x31, 0x2f, 0xc2, 0xe7, 0x79, 0x10, 0x4b, 0xd1,
  0x76, 0x25, 0x24, 0xcf, 0xdf, 0xa5, 0x2b, 0x25, 0xb7, 0xf8, 0x1b, 0x7c,
  0xfc, 0xbc, 0xf7, 0x6d, 0x6f, 0xe4, 0x87, 0x22, 0xa5, 0x69, 0xa7, 0x48,
  0x35, 0xba, 0x1a, 0x2a, 0x49, 0x3c, 0x21, 0xe1, 0xd7, 0xb4, 0xe5, 0x91,
  0xfb, 0x9c, 0xdc, 0x15, 0xda, 0x4b, 0x71, 0xa0, 0x1f, 0xc4, 0xb2, 0xb5,
  0xb5, 0xe2, 0x46, 0x63, 0xd4, 0x29, 0x7a, 0x5e, 0x6a, 0x6a, 0xda, 0x87,
  0xde, 0x12, 0x1f, 0x99, 0x98, 0x52, 0x89, 0x2d, 0xb9, 0xd0, 0x28, 0x99,
  0xf2, 0x55, 0x9e, 0xb0, 0x41, 0xae, 0x96, 0xf8, 0x8c, 0x73, 0x01, 0xec,
  0x1f, 0x8a, 0xd4, 0xb7, 0x91, 0x44, 0xe7, 0x43, 0xc4, 0x2a, 0x36, 0x07,
  0x3c, 0xd5, 0x6b, 0x00, 0x16, 0x16, 0x4e, 0xfb, 0x8a, 0xd7, 0x0c, 0xcd,
  0xe6, 0x34, 0x11, 0x9d, 0x37, 0x1b, 0x3e, 0xca, 0xf7, 0xd7, 0x4f, 0x85,
  0x6f, 0x22, 0x3a, 0x70, 0x46, 0x92, 0xca, 0x11, 0xc4, 0x4f, 0x4e, 0xb6,
  0x3a, 0x9f, 0xf1, 0xf0, 0x38, 0x53, 0x2d, 0x53, 0x8d, 0x10, 0x0d, 0x72,
  0x74, 0xc3, 0x24, 0x6a, 0x16, 0x4a, 0x95, 0x9e, 0x70, 0x81, 0x93, 0x80,
  0xb5, 0x36, 0xc9, 0x24, 0x5e, 0x36, 0x7d, 0x2c, 0x56, 0x7b, 0xb4, 0x2f,
  0xd6, 0x20, 0x3c, 0xb2, 0x27, 0x93, 0xac, 0x8f, 0x91, 0x88, 0x9e, 0xcc,
  0x51, 0x1d, 0x4c, 0x39, 0xcb, 0x0d, 0x0d, 0x0d, 0x02, 0x3e, 0x3e, 0x38,
  0x28, 0xce, 0xbd, 0x64, 0xf0, 0x7f, 0xa7, 0xb5, 0xee, 0xd0, 0x36, 0xc4,
  0x39, 0x17, 0x6f, 0x04, 0x6b, 0x33, 0xe3, 0x02, 0xa6, 0xe7, 0x96, 0x9a,
  0xda, 0xe1, 0xa4, 0xe4, 0xd9, 0x0c, 0xb9, 0xf2, 0x9f, 0xa9, 0xb9, 0x62,
  0xed, 0x51, 0x36, 0x50, 0x88, 0x73, 0x72, 0x99, 0x74, 0xbe, 0x9c, 0xda,
  0x43, 0x89, 0x32, 0xa4, 0x59, 0xd2, 0x94, 0x5b, 0x83, 0xd2, 0xbb, 0xdb,
  0x54, 0x63, 0xc7, 0xbc, 0x11, 0xc5, 0x72, 0x91, 0xc4, 0x87, 0x22, 0x65,
  0x4a, 0x73, 0x25, 0x92, 0xae, 0xec, 0x6c, 0x55, 0x57, 0x12, 0x55, 0x79,
  0x96, 0xc8, 0x61, 0x18, 0x3c, 0x65, 0x0d, 0x8e, 0xee, 0x9b, 0xea, 0xbd,
  0x77, 0xda, 0x08, 0xd0, 0xa4, 0x44, 0xef, 0x3d, 0x6d, 0x19, 0x61, 0x9d,
  0xcb, 0xd7, 0x74, 0xbc, 0xf9, 0xd3, 0x11, 0x62, 0xea, 0x44, 0x75, 0x68,
  0xb6, 0x73, 0xb1, 0x1c, 0x67, 0xec, 0x4e, 0x2e, 0x59, 0xa0, 0xe3, 0x6a,
  0xb5, 0x1b, 0x06, 0x95, 0xb3, 0xb6, 0xa9, 0x9b, 0x8e, 0x90, 0xfa, 0xc1,
  0x5b, 0x30, 0xb5, 0x41, 0x2d, 0x2d, 0xa8, 0xce, 0xb9, 0xca, 0x42, 0xb5,
  0xdd, 0x5a, 0x87, 0x07, 0xa3, 0x56, 0xa2, 0x1a, 0x5e, 0x4a, 0x55, 0xe5,
  0x43, 0xaa, 0x38, 0xc5, 0x1e, 0xa6, 0x44, 0xb2, 0x96, 0x4a, 0x0d, 0xeb,
  0xa4, 0x66, 0xb5, 0xbb, 0xcf, 0x56, 0x23, 0xf5, 0x50, 0xa4, 0xba, 0x04,
  0x71, 0xc4, 0x59, 0x72, 0x4d, 0xd5, 0x97, 0x8c, 0xe9, 0x0b, 0x22, 0x7c,
  0x20, 0xc6, 0x11, 0xa9, 0x2f, 0xb2, 0x59, 0xc3, 0x58, 0xb2, 0x96, 0x90,
  0x82, 0x7d, 0x39, 0x0a, 0x55, 0x78, 0x5c, 0xef, 0x35, 0x94, 0xa6, 0x92,
  0x71, 0x8e, 0xfe, 0xe1, 0xf7, 0xc0, 0x23, 0x24, 0xe7, 0x97, 0xc1, 0xa2,
  0xd3, 0x95, 0xbc, 0xb1, 0x24, 0xc1, 0x86, 0x07, 0xea, 0x47, 0x13, 0x94,
  0x43, 0x74, 0xc3, 0x08, 0x1d, 0x93, 0x78, 0x3e, 0x88, 0x20, 0xee, 0x08,
  0x9c, 0xcc, 0x49, 0x7e, 0x77, 0x84, 0x85, 0x6c, 0xc4, 0x23, 0x9c, 0x4f,
  0x6b, 0x4b, 0xe0, 0xbd, 0x93, 0x74, 0x63, 0xb3, 0xf8, 0x91, 0x29, 0x59,
  0x06, 0xb6, 0x82, 0x3d, 0xbe, 0x31, 0x03, 0x5e, 0x83, 0x01, 0xf1, 0x86,
  0x06, 0xb1, 0x71, 0xd0, 0xd8, 0x1e, 0xa9, 0x49, 0x75, 0x4f, 0xeb, 0xbe,
  0xb5, 0x37, 0x05, 0x63, 0xaa, 0xef, 0x8e, 0xc2, 0x78, 0x2b, 0x9d, 0x90,
  0xbb, 0xb1, 0x72, 0xd8, 0xf8, 0x41, 0xc4, 0x94, 0xe7, 0x0b, 0x1b, 0x53,
  0xed, 0x85, 0xe7, 0x36, 0x2e, 0xf4, 0xef, 0x6d, 0x37, 0xd5, 0x44, 0x2c,
  0x93, 0x1e, 0x16, 0x69, 0x5f, 0xd8, 0x4b, 0x97, 0x6c, 0x74, 0x33, 0x93,
  0xae, 0xbb, 0x8a, 0xa0, 0x06, 0x94, 0x25, 0x36, 0xab, 0x9e, 0x01, 0x06,
  0xbb, 0xa6, 0x16, 0x31, 0x58, 0x17, 0x13, 0xea, 0x9b, 0xea, 0x73, 0xf8,
  0x0c, 0xcf, 0x14, 0x1b, 0xc0, 0x8d, 0x4e, 0x6c, 0x00, 0x99, 0x14, 0xa8,
  0x50, 0x9f, 0xc2, 0x29, 0x39, 0x44, 0x5d, 0xe1, 0x4b, 0xc2, 0x16, 0xd5,
  0xb5, 0x72, 0xe7, 0xc6, 0x4b, 0xd1, 0x0d, 0x19, 0x9f, 0x57, 0xe5, 0xe8,
  0x67, 0xb3, 0x70, 0x51, 0xd3, 0x43, 0x09, 0x04, 0xde, 0x29, 0x45, 0x4d,
  0x55, 0x50, 0x0a, 0x74, 0x8d, 0xac, 0x94, 0x9c, 0x15, 0xce, 0x04, 0x11,
  0x50, 0x82, 0x0b, 0x51, 0x89, 0x9a, 0x7a, 0x8a, 0x1e, 0x88, 0x59, 0x4b,
  0x3a, 0xc4, 0x66, 0xe6, 0x95, 0x26, 0xb6, 0x09, 0xd1, 0x72, 0x1c, 0x63,
  0xb5, 0x0e, 0xa5, 0x14, 0x22, 0x76, 0x83, 0x0f, 0x07, 0xaa, 0x17, 0xb5,
  0xa2, 0x48, 0xa2, 0x72, 0xae, 0x48, 0x82, 0x8e, 0x34, 0x5d, 0x24, 0x73,
  0x52, 0xc1, 0x4f, 0x5c, 0x51, 0x4e, 0x09, 0xbb, 0x88, 0x5d, 0x59, 0x6a,
  0xd4, 0xb0, 0xa9, 0x41, 0xe6, 0xc4, 0x24, 0x4f, 0xfd, 0xe1, 0x4f, 0x86,
  0xbd, 0xf2, 0xc1, 0x9c, 0xf7, 0x7c, 0xce, 0xd5, 0x56, 0x26, 0xbc, 0x6e,
  0xbe, 0xa9, 0xcd, 0x13, 0x44, 0xeb, 0x5d, 0x11, 0x13, 0x64, 0x63, 0x71,
  0x20, 0x19, 0xcd, 0x1f, 0xc1, 0x5a, 0x1f, 0x66, 0x4e, 0x84, 0xfb, 0x23,
  0x11, 0x13, 0xd2, 0x04, 0xcd, 0xfc, 0xab, 0x58, 0x8d, 0xdd, 0x67, 0x3d,
  0x67, 0x58, 0x46, 0x13, 0x9a, 0x69, 0xad, 0xc5, 0xab, 0x2a, 0x5b, 0x41,
  0xe1, 0xcb, 0x4c, 0x3b, 0xd5, 0x5f, 0x8b, 0x54, 0x66, 0x47, 0x61, 0xa4,
  0x38, 0x19, 0x8b, 0x32, 0xbe, 0x84, 0x9c, 0x44, 0x45, 0xa1, 0x72, 0x18,
  0xd8, 0x36, 0x68, 0x97, 0xa3, 0xb6, 0x37, 0xde, 0xa3, 0x93, 0x2e, 0x51,
  0xdc, 0x39, 0xa6, 0x0f, 0xa3, 0x26, 0x5c, 0x2d, 0x73, 0xcc, 0xa3, 0x3d,
  0xce, 0x36, 0x9d, 0xe7, 0x52, 0x2c, 0x11, 0xea, 0x52, 0xa2, 0xb2, 0x8f,
  0x53, 0x79, 0xf5, 0x67, 0x1e, 0x81, 0xcb, 0xb2, 0x00, 0x3d, 0x96, 0xc8,
  0x9f, 0x9f, 0x52, 0xca, 0xa9, 0x2a, 0x22, 0x65, 0x49, 0x44, 0x0b, 0xaa,
  0x0b, 0x29, 0x5a, 0x78, 0x4c, 0x72, 0x1e, 0x3e, 0xd3, 0x60, 0x86, 0x93,
  0xe1, 0x3a, 0x05, 0x16, 0x0c, 0xd1, 0xa1, 0xc8, 0x15, 0x48, 0x7d, 0x2c,
  0x95, 0x60, 0x3c, 0x2a, 0x4d, 0xb9, 0x35, 0x28, 0xad, 0x23, 0x17, 0x49,
  0x35, 0xf8, 0xf8, 0xdf, 0x54, 0x83, 0xd9, 0x15, 0x41, 0xce, 0xe9, 0x6d,
  0xa3, 0x89, 0x7e, 0x76, 0x34, 0xf1, 0x45, 0x9d, 0x46, 0x71, 0x13, 0x03,
  0x3f, 0x06, 0x15, 0x0c, 0x25, 0x21, 0xbe, 0x91, 0x45, 0x57, 0x4a, 0xe4,
  0xf5, 0x4e, 0x15, 0x4c, 0x1e, 0x80, 0x1d, 0x72, 0xb5, 0xe9, 0x01, 0xaf,
  0x1c, 0x74, 0x45, 0x24, 0x57, 0x32, 0x93, 0xbf, 0x69, 0xdc, 0xe6, 0x4a,
  0xf9, 0x64, 0x94, 0x39, 0x7c, 0x37, 0xa6, 0x24, 0x62, 0xbd, 0x80, 0xa2,
  0x89, 0x4c, 0x85, 0x79, 0x3a, 0xcf, 0xa2, 0x89, 0x62, 0xea, 0xd4, 0xce,
  0x56, 0x80, 0xf9, 0x58, 0x82, 0xb3, 0xf0, 0xb8, 0x28, 0x85, 0xa4, 0x2f,
  0xbd, 0x0d, 0xa5, 0x7b, 0x3c, 0x66, 0xc2, 0xf2, 0x91, 0xe9, 0xcf, 0xf0,
  0x72, 0xc0, 0xcf, 0xfc, 0xa2, 0x94, 0xf4, 0x8f, 0xc5, 0xb8, 0x09, 0x21,
  0x95, 0x3e, 0x2a, 0x93, 0x7c, 0x2d, 0x20, 0x46, 0x68, 0xb8, 0xb8, 0xe1,
  0x6b, 0xb1, 0x93, 0xc5, 0x06, 0x8b, 0x17, 0x7c, 0x9e, 0x25, 0x92, 0xbc,
  0xc3, 0xaa, 0xb7, 0x17, 0x33, 0x6b, 0xbf, 0xe7, 0x30, 0xd6, 0x6f, 0x93,
  0xbb, 0xc9, 0x1a, 0xaf, 0xc5, 0x12, 0xbc, 0x8f, 0xc5, 0x12, 0xbc, 0xb3,
  0x65, 0x3b, 0x92, 0xe4, 0xdd, 0xa5, 0x76, 0xbb, 0xa6, 0x25, 0x64, 0x6d,
  0x58, 0xb8, 0xed, 0x0a, 0xa2, 0xc8, 0x77, 0x6d, 0x51, 0x9f, 0xd1, 0x52,
  0xed, 0x12, 0x29, 0xa5, 0x6f, 0x36, 0x95, 0x8c, 0x3c, 0xb8, 0x94, 0xdd,
  0x2d, 0x11, 0x04, 0xda, 0x63, 0xd7, 0x39, 0x19, 0x77, 0xa0, 0xa7, 0x71,
  0x07, 0x4c, 0x91, 0x49, 0x9d, 0x5b, 0x39, 0x23, 0x8e, 0x5e, 0xaa, 0x73,
  0x09, 0x31, 0x07, 0xd1, 0xcc, 0x1c, 0xac, 0x3a, 0x8f, 0x45, 0x82, 0x48,
  0xcf, 0xe1, 0xb9, 0x8c, 0x2b, 0x46, 0x1e, 0x9e, 0xe9, 0x68, 0xbd, 0x08,
  0xea, 0x3d, 0xe4, 0xd5, 0x29, 0x49, 0xab, 0x73, 0x65, 0x54, 0x02, 0x1b,
  0x30, 0x4c, 0x0b, 0x3e, 0xb3, 0x73, 0xd4, 0xa3, 0x98, 0x64, 0xbb, 0x14,
  0x4e, 0xb0, 0xc7, 0x12, 0x79, 0xb6, 0x3f, 0x1d, 0x27, 0xd8, 0x63, 0xb2,
  0x5b, 0x6c, 0xbe, 0x9c, 0xbe, 0xde, 0x74, 0xde, 0xcf, 0xcc, 0x7a, 0x67,
  0xd1, 0x94, 0x22, 0x6d, 0x64, 0xab, 0x54, 0x46, 0x76, 0x76, 0x2e, 0x9f,
  0x97, 0x06, 0x16, 0x9a, 0xb5, 0x08, 0x67, 0x8b, 0x5c, 0x3c, 0x99, 0xf8,
  0x08, 0xd2, 0x6d, 0x33, 0xf2, 0x6e, 0x31, 0xc7, 0x09, 0x79, 0xf2, 0x22,
  0xef, 0xa8, 0x37, 0x6f, 0xe4, 0xd7, 0x8e, 0x8e, 0xb5, 0x5b, 0x2b, 0xea,
  0x46, 0xde, 0x04, 0x97, 0x29, 0x79, 0x1c, 0xe6, 0xf3, 0x18, 0xcb, 0x50,
  0xf6, 0xa0, 0xd7, 0xe6, 0x33, 0xec, 0xb2, 0x8a, 0xaa, 0x6d, 0xa9, 0xf5,
  0x7a, 0xa4, 0x23, 0xc7, 0xc2, 0x85, 0xa3, 0xd0, 0x33, 0x18, 0x6f, 0xc5,
  0xe8, 0x25, 0xa2, 0x72, 0xb1, 0xab, 0xce, 0x35, 0x86, 0x13, 0x7a, 0x40,
  0x3c, 0x79, 0x3e, 0x11, 0xc9, 0x5a, 0xa3, 0x6e, 0xec, 0x71, 0xb9, 0x81,
  0x76, 0x6f, 0x57, 0x0a, 0x40, 0xbc, 0x60, 0xbc, 0xd5, 0x0d, 0xfe, 0xa1,
  0xd9, 0xe0, 0x47, 0x9b, 0x5d, 0x87, 0x5a, 0xe0, 0xa2, 0x2a, 0x7a, 0x24,
  0x68, 0xf7, 0xae, 0x01, 0x36, 0x6d, 0xf4, 0xea, 0xa2, 0xed, 0x3c, 0x91,
  0x73, 0xe3, 0xbb, 0xef, 0xc6, 0xf0, 0x58, 0x82, 0x4c, 0xe3, 0xcf, 0xd3,
  0x8d, 0xe1, 0x31, 0x41, 0x48, 0x10, 0x7c, 0xeb, 0x81, 0x17, 0x0a, 0x70,
  0xc2, 0x3c, 0x06, 0xb2, 0x89, 0xe0, 0xaa, 0x42, 0x79, 0xbb, 0x18, 0xfc,
  0xd1, 0x63, 0xbc, 0x41, 0x16, 0x75, 0x29, 0x42, 0x4e, 0x70, 0x8a, 0x54,
  0xf2, 0x62, 0x6f, 0xfa, 0x28, 0xb6, 0x23, 0xf2, 0x28, 0x45, 0x0e, 0x25,
  0x5a, 0x4d, 0xb9, 0x4d, 0x15, 0x1d, 0x4e, 0x02, 0x60, 0xca, 0x81, 0xb3,
  0x1c, 0x47, 0xeb, 0x68, 0x1a, 0xbb, 0x9b, 0x0b, 0xa8, 0x94, 0x2b, 0x94,
  0xe4, 0x0f, 0xfd, 0x81, 0xdd, 0x83, 0x5f, 0x60, 0xe0, 0xa0, 0xac, 0x3f,
  0x25, 0xb2, 0xc7, 0x3a, 0x5b, 0x59, 0x76, 0x02, 0xa0, 0xd0, 0xb6, 0xd3,
  0xa4, 0x2d, 0xad, 0xe4, 0xf1, 0xb7, 0x29, 0x03, 0x6a, 0xef, 0x37, 0x3f,
  0x15, 0xc9, 0x2a, 0xa7, 0x80, 0x55, 0x47, 0x55, 0xb3, 0xe5, 0x9a, 0xe2,
  0x18, 0x91, 0x62, 0xf7, 0x12, 0xa5, 0xb2, 0x2d, 0xa2, 0xb8, 0x5f, 0xa7,
  0x1a, 0x1d, 0x5c, 0x0a, 0x60, 0xf3, 0xe3, 0x54, 0xfe, 0xf9, 0x32, 0x5a,
  0x8a, 0x7e, 0x2c, 0xd8, 0x5e, 0xef, 0xac, 0x96, 0xa2, 0x97, 0xde, 0x4f,
  0xf4, 0xa3, 0x5c, 0xc4, 0x10, 0x7b, 0xaa, 0x67, 0x2c, 0x62, 0x38, 0x56,
  0xc3, 0x70, 0x24, 0x30, 0x7b, 0x15, 0x03, 0x97, 0xaa, 0x59, 0x1b, 0x3e,
  0x3c, 0x36, 0xe8, 0x23, 0x6e, 0x9b, 0x89, 0x08, 0xd0, 0x28, 0x1c, 0x36,
  0x98, 0x64, 0x54, 0xb1, 0x32, 0x45, 0x0e, 0x67, 0xf3, 0x79, 0xf6, 0x75,
  0x0d, 0xb4, 0x80, 0x63, 0x56, 0x4f, 0xaa, 0xb8, 0xa1, 0x82, 0xb1, 0x48,
  0xc3, 0x13, 0x8c, 0x7d, 0xaa, 0x13, 0x33, 0x1b, 0x94, 0xdb, 0x18, 0xbd,
  0xa2, 0xae, 0x8e, 0x3d, 0x87, 0x49, 0xbb, 0xc7, 0xa6, 0xd0, 0xae, 0x50,
  0xfb, 0x8c, 0xb6, 0x31, 0x2a, 0x7a, 0x0f, 0xc1, 0x07, 0x80, 0x3a, 0xc7,
  0x95, 0x4d, 0x2e, 0xec, 0x37, 0x75, 0x03, 0xc2, 0xed, 0x0d, 0x9b, 0x11,
  0x41, 0xaa, 0x63, 0x2a, 0xa0, 0xcc, 0x40, 0xad, 0xb8, 0x74, 0xe7, 0xa3,
  0xcc, 0x5d, 0x1c, 0xc1, 0x80, 0x6a, 0x8e, 0xd6, 0xc7, 0xde, 0x48, 0x93,
  0x7a, 0xdf, 0xf7, 0xab, 0x12, 0x4e, 0xa8, 0xc3, 0x27, 0xcf, 0x5b, 0x6d,
  0x96, 0x0d, 0xb3, 0x48, 0x5c, 0xe5, 0x54, 0xc9, 0xc6, 0x23, 0x6c, 0xa9,
  0x5b, 0xd1, 0x88, 0x6a, 0x6a, 0xb0, 0xcb, 0xd8, 0x45, 0x53, 0xf0, 0xf7,
  0x4d, 0x96, 0xc3, 0x56, 0x51, 0x47, 0xad, 0xf0, 0xc6, 0x56, 0xab, 0x44,
  0x83, 0xe2, 0x2a, 0x97, 0x0b, 0xfa, 0xb1, 0x0c, 0x1f, 0xed, 0x3c, 0x81,
  0x8e, 0x5d, 0x28, 0xa9, 0xcc, 0xd9, 0x2b, 0x51, 0x5a, 0x65, 0x12, 0xb4,
  0xa0, 0x36, 0x0b, 0x0c, 0x83, 0xdc, 0x12, 0x69, 0x3f, 0xcc, 0xa6, 0x27,
  0x45, 0x78, 0x3f, 0x89, 0x9a, 0x23, 0x25, 0xc6, 0xf8, 0xe7, 0x7b, 0x01,
  0x5b, 0x6a, 0xbb, 0x40, 0x54, 0x77, 0xc8, 0xee, 0x75, 0x75, 0x45, 0x2d,
  0xe2, 0xac, 0xf3, 0x17, 0x6c, 0xcf, 0x3f, 0x1d, 0x21, 0xee, 0xca, 0xd8,
  0xfb, 0x7d, 0x3f, 0x0f, 0xac, 0x50, 0x61, 0xd0, 0x71, 0xda, 0xb9, 0x68,
  0x63, 0xc9, 0xa7, 0x22, 0xb4, 0x5e, 0x38, 0xcb, 0x58, 0xca, 0x16, 0xfc,
  0x6e, 0xcf, 0xed, 0x2d, 0x19, 0x0c, 0x2b, 0x24, 0xd7, 0xc1, 0xbb, 0x68,
  0xc1, 0xf8, 0xd5, 0x33, 0x57, 0x51, 0x27, 0x77, 0x2a, 0x98, 0x6c, 0x3b,
  0x8d, 0xe3, 0x13, 0x15, 0x18, 0xa8, 0xaa, 0xa6, 0x0f, 0xd1, 0x7e, 0x0e,
  0xe4, 0x72, 0x58, 0xeb, 0xb5, 0xc1, 0x3f, 0x59, 0x42, 0xcf, 0x37, 0x6b,
  0x17, 0x29, 0x10, 0x75, 0x7a, 0xf5, 0x07, 0x69, 0x04, 0x2b, 0xb7, 0xd8,
  0x0b, 0x9f, 0x8f, 0xd3, 0x08, 0x23, 0x09, 0xaa, 0x30, 0x6b, 0x8e, 0xc6,
  0x60, 0x4e, 0x20, 0x30, 0x94, 0x9c, 0xff, 0xe1, 0x13, 0x7f, 0x66, 0x46,
  0xe2, 0xe9, 0x55, 0x22, 0xf6, 0x11, 0x4b, 0x3b, 0xbe, 0xeb, 0xfa, 0xb1,
  0x30, 0xf9, 0xe5, 0xb5, 0xf4, 0x94, 0xfa, 0xb1, 0x9e, 0x03, 0x94, 0xe1,
  0x06, 0xe0, 0x36, 0xea, 0x39, 0x60, 0xbb, 0xb5, 0x6d, 0x37, 0x1c, 0x7d,
  0xf3, 0x6b, 0x4a, 0xa3, 0x73, 0x75, 0x46, 0x50, 0x33, 0xae, 0xcd, 0xd0,
  0x1e, 0x7d, 0x21, 0xeb, 0xae, 0x31, 0x8e, 0xd9, 0x3c, 0xc3, 0x45, 0xa8,
  0xeb, 0xe8, 0x88, 0x00, 0x89, 0x39, 0xc3, 0x16, 0x4c, 0x81, 0x9d, 0xf6,
  0x0c, 0xce, 0xd4, 0xb5, 0x04, 0x61, 0xdd, 0x44, 0x0d, 0xd1, 0x48, 0xd5,
  0x8e, 0xd2, 0x9d, 0x28, 0xeb, 0x29, 0x6f, 0xb3, 0x4a, 0xf1, 0xba, 0x4e,
  0x56, 0xad, 0x9d, 0xaf, 0x8a, 0x25, 0x08, 0xea, 0xce, 0x8f, 0xb8, 0xb1,
  0x62, 0xfa, 0x2d, 0x33, 0x44, 0xd8, 0x5f, 0x6e, 0x98, 0x3f, 0x05, 0xff,
  0x63, 0xe8, 0xa0, 0xb6, 0xb1, 0x1a, 0x88, 0x92, 0x51, 0x35, 0xec, 0x18,
  0x1c, 0xe2, 0xcd, 0x9a, 0x28, 0x50, 0x5a, 0x50, 0xa1, 0x44, 0xa2, 0xd9,
  0x3e, 0x93, 0x78, 0xe1, 0xda, 0xf8, 0xfa, 0x22, 0x1b, 0x01, 0x86, 0x69,
  0x7f, 0x43, 0x45, 0x93, 0x82, 0xb9, 0x17, 0xdd, 0x08, 0xf0, 0x29, 0xc9,
  0x56, 0xb8, 0xab, 0x6d, 0xcc, 0x67, 0xdc, 0x85, 0x3f, 0x86, 0x2c, 0xbc,
  0x18, 0x36, 0x09, 0x27, 0xbe, 0x05, 0x21, 0x5a, 0x38, 0xf2, 0xab, 0xd9,
  0x21, 0x1f, 0x60, 0xa6, 0x14, 0x5b, 0x35, 0xb5, 0x4e, 0xe1, 0xaa, 0xea,
  0x31, 0xb7, 0xb1, 0x18, 0x82, 0x7b, 0x2a, 0x12, 0xe5, 0x85, 0xa1, 0x37,
  0x4c, 0xbf, 0xec, 0xa4, 0x3b, 0x5c, 0x48, 0x91, 0x5f, 0x2b, 0x06, 0x32,
  0x51, 0xb3, 0xa8, 0xcc, 0x88, 0x25, 0x67, 0xc7, 0x35, 0x52, 0xf7, 0xa7,
  0x29, 0x15, 0x39, 0x56, 0xda, 0x60, 0xef, 0x0a, 0x27, 0xa8, 0xe5, 0xda,
  0x82, 0x60, 0xd8, 0x91, 0xef, 0xba, 0xea, 0x0c, 0x3b, 0x27, 0x0d, 0x61,
  0x87, 0x89, 0x8e, 0x73, 0x2f, 0x3c, 0xe7, 0xd4, 0xaa, 0x22, 0x9a, 0x0d,
  0x32, 0x4e, 0x81, 0x0d, 0xe8, 0x1a, 0x66, 0xf4, 0x24, 0x38, 0x66, 0xbd,
  0xa5, 0x2d, 0xe1, 0xfe, 0xe5, 0xf1, 0x5f, 0x19, 0x24, 0x07, 0x32, 0x93,
  0x9e, 0xbe, 0x78, 0xcb, 0xc4, 0x43, 0x6d, 0xa3, 0x97, 0x6a, 0x02, 0x74,
  0x75, 0x8e, 0xb0, 0x52, 0x50, 0x74, 0xd8, 0xad, 0x5b, 0x3c, 0x49, 0xea,
  0x54, 0x82, 0xad, 0x1e, 0xe5, 0xd7, 0x98, 0x16, 0xe5, 0x29, 0xc1, 0x98,
  0x97, 0xaf, 0x41, 0x42, 0xdb, 0x06, 0x2b, 0x4b, 0xb4, 0x96, 0x5b, 0xb3,
  0xcc, 0x61, 0x5f, 0xa2, 0xae, 0xe6, 0x24, 0xa9, 0xc6, 0x2f, 0x0c, 0x87,
  0xa6, 0xa1, 0x7a, 0xbe, 0x61, 0x8a, 0x28, 0xcb, 0x65, 0xdb, 0x6e, 0xc7,
  0x2e, 0x17, 0x1d, 0x20, 0x75, 0xd0, 0x7e, 0x3b, 0xe8, 0x77, 0x8d, 0x72,
  0xe2, 0x36, 0x7a, 0x3e, 0x9d, 0x12, 0xdf, 0xdb, 0x6f, 0x5b, 0x82, 0x53,
  0xd3, 0xce, 0x27, 0xee, 0x97, 0x75, 0x3d, 0x4c, 0x3e, 0x44, 0x3d, 0x4c,
  0x14, 0xdf, 0x64, 0xcc, 0xf2, 0x5e, 0x4f, 0x77, 0x9b, 0x5b, 0x44, 0x15,
  0x4b, 0x54, 0xe4, 0x9c, 0x2a, 0xd8, 0x58, 0x1b, 0xb7, 0x1a, 0x07, 0xfe,
  0x03, 0xb5, 0x9f, 0x11, 0x49, 0x8d, 0x7b, 0x39, 0x76, 0xa4, 0xc8, 0xe3,
  0xa8, 0xf2, 0x9a, 0x0e, 0x14, 0x79, 0xdd, 0x37, 0x1c, 0x28, 0x27, 0x15,
  0xf9, 0xb3, 0x5e, 0x2e, 0xda, 0x74, 0xef, 0xa9, 0x08, 0xa5, 0x23, 0x55,
  0x41, 0x3c, 0x3b, 0xfe, 0x03, 0xef, 0x6f, 0xd3, 0x4d, 0xe6, 0xeb, 0x00,
  0xc2, 0x83, 0xc6, 0xc5, 0x03, 0xdf, 0xb5, 0x3d, 0x18, 0x0f, 0xa1, 0x4b,
  0xbf, 0xea, 0x1c, 0x02, 0x96, 0x4d, 0xdd, 0x6d, 0x31, 0x0a, 0xb6, 0xa5,
  0x58, 0x91, 0xa2, 0x0f, 0x9a, 0xae, 0x51, 0xab, 0x75, 0x95, 0x2a, 0x02,
  0xb9, 0x0c, 0x85, 0xfd, 0x71, 0x3a, 0x63, 0x72, 0x9d, 0x8b, 0xc2, 0xf6,
  0x14, 0x76, 0xb9, 0x2c, 0x9a, 0xfa, 0x63, 0x19, 0x4d, 0xcd, 0xc2, 0x99,
  0x37, 0x35, 0xcc, 0x45, 0xd1, 0xde, 0x3d, 0xa5, 0xcb, 0x16, 0xf3, 0xec,
  0x7f, 0xbb, 0xba, 0xa9, 0x3e, 0x34, 0xce, 0x3c, 0xfa, 0x65, 0x03, 0xe2,
  0xc5, 0xaa, 0x19, 0xf5, 0x09, 0xe2, 0x4d, 0xed, 0x86, 0x7b, 0x8d, 0x48,
  0x11, 0x11, 0xef, 0xe3, 0x8c, 0x6b, 0xcd, 0xf0, 0x02, 0x28, 0x21, 0xdd,
  0x68, 0x39, 0xc7, 0xe4, 0x6c, 0x2d, 0x9c, 0x7b, 0x21, 0xb4, 0x4f, 0xae,
  0x75, 0xac, 0x7c, 0xee, 0x16, 0x7f, 0x8c, 0xf3, 0x08, 0x07, 0x87, 0x48,
  0x0b, 0xb6, 0x0c, 0x2f, 0xf7, 0x53, 0x89, 0xca, 0xc6, 0x53, 0x05, 0x9b,
  0x18, 0xa0, 0xf3, 0xc3, 0x2e, 0x79, 0xbb, 0x61, 0x9e, 0xef, 0xe6, 0xfa,
  0x74, 0x77, 0xbe, 0xd1, 0x7d, 0x65, 0x96, 0xee, 0x53, 0x47, 0x80, 0x7e,
  0x89, 0x65, 0x8b, 0x59, 0x98, 0x17, 0xe1, 0xae, 0xcb, 0xb8, 0x99, 0x4c,
  0xda, 0x53, 0xa4, 0xdc, 0x70, 0x5a, 0x8e, 0x12, 0x72, 0x97, 0xde, 0x71,
  0x1e, 0x12, 0x7e, 0x64, 0x56, 0x00, 0x53, 0x78, 0xa9, 0x9c, 0x72, 0x7d,
  0x77, 0x8e, 0x98, 0xc9, 0x5c, 0x25, 0xab, 0x28, 0x0f, 0xbb, 0xbe, 0xe8,
  0xed, 0xe8, 0xc3, 0x30, 0x11, 0x65, 0x16, 0xa9, 0xc7, 0x06, 0x43, 0xb7,
  0xc4, 0xd1, 0xf4, 0xf8, 0xa4, 0x97, 0x63, 0x87, 0x0f, 0x25, 0x14, 0x6c,
  0x2d, 0x97, 0xb3, 0x0e, 0x24, 0x4e, 0x9e, 0x84, 0x6b, 0xb4, 0xb6, 0xa3,
  0xe0, 0xa1, 0xe5, 0xf4, 0x87, 0xa3, 0x65, 0xdc, 0x51, 0x6a, 0xf3, 0x82,
  0x80, 0x76, 0x7f, 0xbb, 0x24, 0xe8, 0x76, 0x24, 0xdf, 0x75, 0x18, 0x8a,
  0xd5, 0xbc, 0xf9, 0xe9, 0xf4, 0x5a, 0x26, 0xe2, 0xb0, 0x87, 0x22, 0xf2,
  0xd4, 0x12, 0xb9, 0xe3, 0x39, 0x14, 0xda, 0x9a, 0x9e, 0xe8, 0x09, 0x0f,
  0x94, 0x55, 0x59, 0x46, 0xa0, 0xba, 0x2c, 0xb9, 0xdf, 0xd8, 0xb5, 0x45,
  0x4e, 0xc3, 0x85, 0x2f, 0x73, 0xed, 0x72, 0x25, 0x30, 0xa4, 0x33, 0x64,
  0x11, 0xaf, 0xa9, 0x77, 0x5d, 0x1b, 0x73, 0xae, 0x41, 0xe9, 0x1d, 0x2f,
  0xc9, 0x3e, 0x9c, 0x21, 0x69, 0x7b, 0x58, 0x97, 0x2e, 0x7e, 0x98, 0xcf,
  0x9e, 0x2a, 0xc3, 0x45, 0x3c, 0x53, 0xa2, 0x13, 0x56, 0xf4, 0x82, 0xa2,
  0x61, 0x22, 0xbc, 0xf7, 0xfb, 0xcf, 0xaa, 0x96, 0xc0, 0xee, 0xfe, 0x89,
  0xb2, 0xaa, 0x53, 0x75, 0xce, 0xcf, 0xb2, 0x9a, 0x13, 0x58, 0xfe, 0x4c,
  0x5a, 0x50, 0xa6, 0x58, 0x39, 0x29, 0xc3, 0xd2, 0xf2, 0x96, 0xd6, 0x82,
  0x2f, 0x09, 0x9c, 0xed, 0x32, 0x44, 0x44, 0x31, 0x3c, 0x24, 0x17, 0x33,
  0x8e, 0xd2, 0x14, 0xf9, 0x22, 0x43, 0x5f, 0x4a, 0x6c, 0x1d, 0x0a, 0x19,
  0xdc, 0x73, 0xb3, 0x2f, 0x7b, 0xcc, 0x43, 0xd4, 0x94, 0x9a, 0xda, 0x3b,
  0x37, 0xcc, 0xff, 0xeb, 0x09, 0xdb, 0x03, 0x68, 0x8f, 0x0d, 0x2e, 0xb0,
  0xe5, 0x9c, 0x0c, 0xec, 0x64, 0x2d, 0x66, 0x65, 0xb2, 0x24, 0xac, 0x6d,
  0xda, 0x0f, 0xb7, 0xf3, 0x3c, 0xf9, 0x53, 0x47, 0x80, 0x36, 0xfe, 0xb2,
  0x20, 0xbd, 0x4b, 0x9b, 0xe2, 0x39, 0xc9, 0x76, 0x40, 0xfd, 0x52, 0x44,
  0xcb, 0xa4, 0x43, 0x47, 0xc9, 0x07, 0xd4, 0x22, 0x62, 0x97, 0xde, 0xa1,
  0xc4, 0x32, 0xf5, 0x3c, 0x7d, 0x35, 0x32, 0x47, 0xf7, 0x47, 0x0a, 0x51,
  0xa4, 0x02, 0x7d, 0x5a, 0x8e, 0x12, 0x72, 0x97, 0xd6, 0x08, 0xb1, 0x8b,
  0xc2, 0xf7, 0x6f, 0xbf, 0x96, 0xe8, 0x99, 0xf0, 0xe7, 0xb1, 0x5f, 0x3f,
  0x89, 0x48, 0xe5, 0x8c, 0x54, 0x60, 0x69, 0x2c, 0x45, 0x1e, 0x7d, 0xf8,
  0x54, 0x04, 0x8e, 0x7c, 0x04, 0x16, 0x32, 0x45, 0x0a, 0x96, 0x7b, 0x01,
  0x4a, 0x2b, 0x88, 0x08, 0x1e, 0x7e, 0x36, 0x77, 0x78, 0x2a, 0xd4, 0x99,
  0x49, 0x29, 0x4a, 0x40, 0x87, 0xa7, 0x84, 0x58, 0x5c, 0xe2, 0xd2, 0x5a,
  0x20, 0x42, 0x1b, 0xf3, 0xb1, 0xc3, 0xd1, 0xf2, 0x10, 0x14, 0x5f, 0x66,
  0xda, 0x57, 0x19, 0x9b, 0xbd, 0xef, 0xeb, 0x49, 0x91, 0x76, 0xc0, 0xe7,
  0xc9, 0x27, 0x8e, 0x53, 0x29, 0xa2, 0xd9, 0x3a, 0x32, 0xd8, 0x85, 0x58,
  0x20, 0x9f, 0x44, 0x9c, 0x62, 0x46, 0xa5, 0x8a, 0x95, 0x72, 0xd4, 0xda,
  0x07, 0xcd, 0x44, 0x6b, 0x2a, 0x46, 0xf2, 0x35, 0xd7, 0xba, 0x59, 0xb0,
  0x9d, 0xb9, 0xba, 0x21, 0xf4, 0x00, 0x88, 0xf7, 0x50, 0x99, 0x47, 0x1b,
  0x36, 0x98, 0xcb, 0x56, 0xe1, 0x9f, 0x08, 0xb9, 0x87, 0xaa, 0x1d, 0xe2,
  0x30, 0x70, 0x1b, 0x27, 0xc5, 0x3b, 0xdb, 0xc1, 0x46, 0x1e, 0x3b, 0xd5,
  0x98, 0x70, 0x5f, 0x6d, 0x38, 0x0f, 0x43, 0x15, 0x79, 0x9d, 0xf3, 0x62,
  0x67, 0xbe, 0x21, 0x7d, 0x80, 0xc4, 0xa7, 0xfa, 0xa9, 0x08, 0x1b, 0x39,
  0x0a, 0x5e, 0x7c, 0x1b, 0x25, 0x4e, 0x49, 0x2a, 0xab, 0x65, 0x2c, 0x88,
  0xe5, 0x7f, 0x34, 0xd4, 0xee, 0xfe, 0xc6, 0x38, 0x6e, 0x78, 0xef, 0xd8,
  0xff, 0x36, 0x54, 0x7b, 0x68, 0x09, 0x5d, 0x0e, 0x44, 0xbf, 0x5b, 0x57,
  0x96, 0x8b, 0xc4, 0x2a, 0x2e, 0x4b, 0xac, 0xb9, 0xc9, 0x2b, 0x01, 0xd0,
  0xeb, 0xfd, 0x82, 0x44, 0xc6, 0xb8, 0x83, 0xbe, 0x1a, 0xd7, 0x79, 0xbf,
  0x22, 0xa6, 0x5b, 0xd5, 0xf0, 0x0a, 0x13, 0xab, 0xb5, 0xc1, 0x78, 0xce,
  0x63, 0x34, 0x30, 0xd7, 0xa1, 0xa7, 0xb1, 0xad, 0x6b, 0x5e, 0x79, 0x82,
  0x04, 0xa3, 0x12, 0x92, 0x06, 0x75, 0x61, 0x66, 0x0d, 0xdd, 0x55, 0x79,
  0xbe, 0xab, 0xd2, 0x0e, 0x85, 0x54, 0x0d, 0x65, 0xc8, 0x88, 0x30, 0x10,
  0x25, 0x40, 0x86, 0xf0, 0x22, 0x8c, 0x2c, 0xc1, 0x37, 0xed, 0x26, 0x2a,
  0x92, 0x5d, 0x9b, 0x1b, 0xba, 0x91, 0xe2, 0xda, 0xb6, 0x4a, 0xbb, 0xbe,
  0xbc, 0x6d, 0x5b, 0x3f, 0x64, 0x19, 0x3d, 0x8f, 0x64, 0x9c, 0xb2, 0x9b,
  0x36, 0xfc, 0x8a, 0x48, 0xdb, 0xab, 0x15, 0xe7, 0x48, 0x52, 0x0b, 0x3c,
  0x0c, 0x7d, 0xef, 0xb4, 0xd8, 0xb0, 0x02, 0x86, 0x29, 0xc4, 0xd5, 0x84,
  0xac, 0xbc, 0x96, 0x71, 0x29, 0xfd, 0x4d, 0xbf, 0x84, 0x51, 0x04, 0x17,
  0x5b, 0x22, 0x45, 0x01, 0x9a, 0x4d, 0x5c, 0x84, 0x86, 0xd7, 0xc0, 0xc6,
  0x3d, 0x84, 0xb8, 0xc0, 0x21, 0xa5, 0xae, 0x20, 0x9a, 0x8b, 0xa2, 0x79,
  0xfa, 0xb6, 0xda, 0x13, 0x8d, 0x24, 0x63, 0xc2, 0xf0, 0x9e, 0xf9, 0x0f,
  0x5c, 0xcd, 0x9d, 0xf6, 0xa8, 0xaa, 0xa2, 0xa7, 0xed, 0x88, 0x47, 0xb7,
  0xf3, 0x15, 0x06, 0xae, 0x93, 0x8c, 0x8b, 0xd5, 0x58, 0xe1, 0x0f, 0x5d,
  0x2b, 0x8b, 0x07, 0x2d, 0x5d, 0x69, 0x1b, 0xf9, 0x55, 0x39, 0x73, 0xff,
  0x11, 0xe1, 0x81, 0x99, 0x5a, 0xe7, 0x10, 0xe5, 0x40, 0xaa, 0xc9, 0x67,
  0x36, 0xe3, 0xb7, 0x08, 0x0e, 0x70, 0x96, 0x38, 0x05, 0x57, 0xa1, 0xf4,
  0x31, 0x25, 0x02, 0xaf, 0xb2, 0x84, 0x4e, 0x92, 0x5c, 0x9e, 0x99, 0xd4,
  0xa3, 0x0c, 0x5f, 0xfc, 0x94, 0x18, 0x09, 0xb5, 0xa8, 0x88, 0x3e, 0x41,
  0xf3, 0x09, 0xa1, 0x40, 0x0e, 0x5a, 0x53, 0xb9, 0x7a, 0xa2, 0xcf, 0xd2,
  0xa5, 0x18, 0x34, 0x22, 0x84, 0x4a, 0xe4, 0xf4, 0x1e, 0x8e, 0x90, 0xf6,
  0x95, 0xf0, 0x0e, 0x59, 0x69, 0x3b, 0xcc, 0xb7, 0x8b, 0x94, 0x80, 0x4f,
  0x55, 0x27, 0x71, 0xb0, 0xe4, 0x17, 0xba, 0xb4, 0x2a, 0x88, 0xd8, 0xa9,
  0x0c, 0x9b, 0x46, 0x4b, 0xd6, 0xbf, 0x64, 0x9d, 0xe5, 0x8a, 0xb7, 0x7e,
  0x2a, 0x02, 0x76, 0x9a, 0x96, 0xa3, 0x84, 0xdc, 0xa5, 0x35, 0x42, 0x84,
  0x20, 0x65, 0x8b, 0xb4, 0x31, 0x7f, 0xc2, 0xd2, 0xc1, 0xb6, 0x12, 0x10,
  0xa4, 0xb9, 0x02, 0x15, 0x5d, 0x89, 0xd2, 0xca, 0x22, 0x02, 0x91, 0xfa,
  0xca, 0xc5, 0x1c, 0x25, 0x7c, 0xb1, 0x0f, 0x19, 0xfa, 0x82, 0xc3, 0xb3,
  0x52, 0x9a, 0x1d, 0x0a, 0xcb, 0xb4, 0x08, 0xec, 0x98, 0x29, 0x9c, 0xcb,
  0x20, 0xea, 0x48, 0x44, 0x19, 0x86, 0x0a, 0x9a, 0x45, 0xc5, 0x8a, 0x20,
  0x97, 0xb6, 0xc2, 0x3b, 0x37, 0x53, 0x36, 0x79, 0x8c, 0x58, 0xfe, 0x4c,
  0x81, 0x03, 0x1e, 0x53, 0x31, 0xd9, 0x04, 0xa8, 0xb1, 0xc2, 0xb2, 0x52,
  0x83, 0x51, 0xdb, 0x17, 0x3a, 0xc0, 0xeb, 0xf4, 0xe4, 0x57, 0xd5, 0xec,
  0x54, 0x99, 0xe8, 0x6d, 0x36, 0xe4, 0x53, 0xc1, 0xab, 0x35, 0x75, 0x07,
  0x17, 0xcf, 0x77, 0xde, 0xc1, 0x85, 0x55, 0xec, 0xbf, 0xd5, 0x5d, 0xdd,
  0xc4, 0xce, 0xc4, 0x15, 0x3a, 0x13, 0x83, 0x66, 0x0a, 0xf7, 0xf3, 0x41,
  0xcf, 0xdd, 0x2a, 0x22, 0x3c, 0xc3, 0x93, 0xd2, 0xbe, 0x61, 0xfe, 0xf6,
  0x9a, 0x5a, 0xee, 0xe0, 0xda, 0xe0, 0x7a, 0x7a, 0xa2, 0x5a, 0xc7, 0xf3,
  0xb4, 0x1b, 0xdb, 0x97, 0xd2, 0x51, 0xfa, 0xdb, 0x54, 0x5d, 0xd3, 0xc6,
  0x3b, 0x53, 0x45, 0xb8, 0x0b, 0x76, 0x58, 0xf8, 0x57, 0x67, 0x68, 0x98,
  0x2a, 0xb8, 0x76, 0x55, 0xe7, 0xc1, 0x03, 0x5f, 0xe9, 0xce, 0xd7, 0xb6,
  0xab, 0x6d, 0x50, 0x07, 0xa7, 0x38, 0x77, 0xbe, 0xd6, 0xe4, 0xec, 0xad,
  0x98, 0x33, 0x1e, 0xd7, 0x6b, 0x47, 0xaa, 0x04, 0xd8, 0x6d, 0xbd, 0xd1,
  0x51, 0x22, 0xaa, 0xc8, 0x86, 0x47, 0x07, 0xb6, 0x22, 0xd3, 0xd2, 0xac,
  0x2c, 0xa8, 0x5e, 0x82, 0x87, 0xac, 0xa0, 0x5d, 0x9a, 0x67, 0xaa, 0xac,
  0xeb, 0x74, 0x5b, 0x85, 0x6b, 0x6f, 0x7a, 0x90, 0x28, 0x0a, 0x74, 0xc3,
  0x0f, 0x4c, 0xe4, 0x89, 0xf1, 0x1b, 0x85, 0x16, 0xf6, 0xd1, 0x5f, 0x35,
  0x9e, 0xa9, 0xe9, 0x83, 0xfa, 0xb6, 0xe0, 0x30, 0x22, 0x97, 0xdb, 0x87,
  0x95, 0xa9, 0x9b, 0x30, 0x0a, 0x2d, 0x4f, 0x70, 0xb6, 0xe1, 0x84, 0xeb,
  0x86, 0x96, 0xb3, 0x71, 0xcc, 0x70, 0x4f, 0x93, 0x77, 0x2d, 0x6e, 0x86,
  0xc0, 0x4e, 0xac, 0x5e, 0x9f, 0x11, 0x48, 0xbb, 0xa2, 0xb1, 0x5c, 0xe7,
  0xac, 0xc8, 0x5c, 0x1f, 0xbe, 0x9a, 0x24, 0x3f, 0x3a, 0x7b, 0xe3, 0x20,
  0x5d, 0x1b, 0x6b, 0x07, 0x95, 0xeb, 0xd7, 0x6a, 0x35, 0xad, 0x23, 0xa6,
  0xeb, 0xb5, 0x04, 0xb3, 0xe7, 0x5f, 0x06, 0x9f, 0xdd, 0xd2, 0x73, 0x72,
  0x14, 0x97, 0x24, 0xcd, 0xe8, 0x62, 0xb8, 0xcb, 0x00, 0x87, 0x6d, 0xd8,
  0x4a, 0xaf, 0x41, 0xeb, 0xd3, 0x6c, 0x1c, 0x76, 0x06, 0xd0, 0xff, 0xa3,
  0xd2, 0x3e, 0xdc, 0xc7, 0xf6, 0x21, 0x32, 0xcb, 0x40, 0xeb, 0x9b, 0xf0,
  0xb4, 0x11, 0x60, 0x83, 0x36, 0x83, 0x2a, 0x33, 0x3c, 0x5c, 0x0e, 0xc3,
  0xa8, 0xfe, 0xc9, 0x86, 0xb5, 0xde, 0x3e, 0x57, 0xde, 0x52, 0xa0, 0xf6,
  0xbe, 0x8f, 0xb0, 0x68, 0x83, 0x39, 0x90, 0x1b, 0xe0, 0xe9, 0xf9, 0xc5,
  0xc7, 0xd7, 0x45, 0xed, 0x75, 0xfd, 0x43, 0x03, 0x56, 0x23, 0x11, 0x56,
  0xb0, 0x76, 0x00, 0x7b, 0x61, 0x16, 0xce, 0x4f, 0x22, 0x40, 0x2b, 0xcf,
  0xb1, 0x4b, 0xb1, 0x9c, 0x4a, 0x8c, 0xe5, 0xb4, 0xcd, 0xb9, 0xfd, 0xcd,
  0x47, 0x1b, 0x62, 0x09, 0xa8, 0x56, 0xdb, 0xca, 0xa5, 0x9e, 0xad, 0x6c,
  0x8d, 0x2d, 0x26, 0x7c, 0xe9, 0x63, 0x36, 0x81, 0xdb, 0xfa, 0xfe, 0xbb,
  0x69, 0x7f, 0x2a, 0x83, 0xc5, 0x3a, 0xa1, 0x9b, 0x76, 0x7f, 0xac, 0xc8,
  0xdd, 0xb4, 0x2f, 0xc5, 0x48, 0x17, 0x09, 0x33, 0x73, 0x01, 0xc0, 0xc3,
  0xc6, 0x8c, 0x2d, 0x12, 0xbb, 0x79, 0x43, 0x27, 0xd9, 0xcc, 0x63, 0x47,
  0x55, 0x88, 0x6d, 0x4b, 0xcb, 0x9a, 0xc0, 0x5a, 0xef, 0x2b, 0x4a, 0x21,
  0x0e, 0xcd, 0x4a, 0xcb, 0x21, 0xdb, 0xf9, 0x3d, 0x90, 0x88, 0x84, 0x8b,
  0x60, 0x35, 0x35, 0x37, 0x5f, 0xa3, 0xf3, 0x24, 0x98, 0x4c, 0xee, 0xa6,
  0xd9, 0x1a, 0x4d, 0x44, 0x0f, 0x00, 0x68, 0x5f, 0x44, 0x65, 0x69, 0xb6,
  0xad, 0xc2, 0x57, 0xe1, 0xb4, 0x68, 0x00, 0xef, 0xc3, 0xd9, 0xe4, 0xa8,
  0xff, 0xdd, 0xec, 0x10, 0xbb, 0x77, 0x3b, 0x30, 0x60, 0x38, 0xe2, 0xc2,
  0x09, 0xdf, 0x36, 0xe2, 0xd5, 0xfe, 0x59, 0xb5, 0x1c, 0x67, 0xaa, 0xa4,
  0x88, 0xd3, 0x11, 0xb0, 0xa5, 0xcf, 0xae, 0x62, 0x67, 0x03, 0x96, 0x8c,
  0x59, 0xde, 0xd9, 0x53, 0xc4, 0x72, 0x0b, 0x59, 0xfe, 0x25, 0x90, 0x3d,
  0x8a, 0x39, 0xe1, 0xa0, 0x26, 0x73, 0x65, 0x93, 0x17, 0x8a, 0x8d, 0x25,
  0x5a, 0x25, 0xeb, 0x2d, 0x58, 0xd0, 0x53, 0xe3, 0x65, 0x40, 0x91, 0xfa,
  0x34, 0x06, 0xd4, 0xcf, 0x43, 0x91, 0x9e, 0x38, 0x42, 0xd0, 0xbb, 0xcf,
  0x09, 0x22, 0xd8, 0x26, 0x27, 0x59, 0xd8, 0x5e, 0x8e, 0xe0, 0xa0, 0xf0,
  0x3d, 0x91, 0x2f, 0x38, 0x1c, 0x3b, 0x17, 0xae, 0xf9, 0x73, 0x11, 0x0a,
  0xd8, 0x19, 0xe9, 0x90, 0x59, 0x9a, 0x17, 0x43, 0xa3, 0xfd, 0x82, 0x49,
  0xe4, 0x1f, 0x3d, 0x59, 0x0a, 0x57, 0x03, 0x52, 0xc6, 0x2f, 0x12, 0xaa,
  0xac, 0xc8, 0x11, 0xeb, 0x29, 0xd8, 0x5e, 0x76, 0x2a, 0xf8, 0x72, 0x8a,
  0x3d, 0x3d, 0x28, 0x48, 0xe7, 0x27, 0x1a, 0x92, 0x64, 0x08, 0x9d, 0x50,
  0x83, 0x05, 0xd5, 0xc4, 0x49, 0xc4, 0x7b, 0x8d, 0x77, 0x2d, 0xea, 0x95,
  0x79, 0xe8, 0x49, 0x89, 0x64, 0x69, 0x73, 0xa7, 0x00, 0x6d, 0x16, 0x01,
  0x2c, 0xdf, 0x3d, 0xda, 0xf1, 0x73, 0x19, 0xfe, 0xad, 0x3f, 0x0b, 0xda,
  0xf1, 0x73, 0xa2, 0x25, 0x43, 0x5e, 0x02, 0x44, 0xaa, 0x3e, 0xd8, 0xb2,
  0x5a, 0x1b, 0x19, 0x39, 0x2e, 0x31, 0x5c, 0xec, 0x0f, 0xa3, 0xad, 0x6e,
  0x2a, 0xa2, 0x51, 0x84, 0xa9, 0xe8, 0x9b, 0x95, 0x71, 0xe4, 0x6e, 0x1b,
  0x83, 0x6a, 0x4b, 0xe7, 0xc2, 0xb0, 0x5a, 0x47, 0xff, 0x1a, 0x81, 0x80,
  0xe0, 0x33, 0xb7, 0xc6, 0xae, 0x82, 0x39, 0xd4, 0xea, 0x26, 0xf8, 0xd0,
  0xba, 0xaa, 0x1b, 0xba, 0x3c, 0xf8, 0xd6, 0xad, 0xaf, 0x56, 0x96, 0x06,
  0xd3, 0xb5, 0x07, 0x13, 0xe3, 0xca, 0x9b, 0x3e, 0x1a, 0xe0, 0x74, 0x15,
  0x1c, 0x7a, 0x1b, 0xae, 0x30, 0x2d, 0x0e, 0xb1, 0x70, 0xa7, 0x16, 0xdf,
  0xf9, 0xd6, 0x84, 0x8f, 0x74, 0xd7, 0x06, 0x8f, 0xbc, 0xe1, 0x91, 0xf0,
  0x6b, 0xe7, 0xc3, 0x7d, 0x83, 0x3b, 0xee, 0x74, 0x6b, 0xbb, 0xc6, 0x63,
  0xf0, 0x3a, 0xf8, 0xe4, 0x96, 0x7e, 0x60, 0xc2, 0x2d, 0xad, 0x32, 0x3e,
  0x78, 0xf1, 0x56, 0x77, 0x4d, 0xeb, 0x01, 0x99, 0xac, 0xdb, 0x95, 0xc7,
  0xb7, 0x98, 0xbc, 0x67, 0x27, 0x1e, 0x11, 0x9f, 0x46, 0xd7, 0xb4, 0x3f,
  0xb9, 0x56, 0x61, 0xb2, 0xab, 0xe0, 0x4d, 0x86, 0x31, 0x57, 0xf5, 0x78,
  0xa5, 0x68, 0x25, 0xe4, 0x23, 0x6e, 0xff, 0x4d, 0x29, 0xd6, 0x93, 0x42,
  0xee, 0x20, 0x36, 0x87, 0xaf, 0x84, 0xb7, 0x6c, 0x46, 0x5f, 0x6c, 0xd0,
  0x74, 0x98, 0xc3, 0x21, 0xc1, 0x22, 0x81, 0x01, 0x1b, 0x6c, 0xce, 0xae,
  0x0f, 0x46, 0xfd, 0x1e, 0x0c, 0x35, 0xf4, 0xf9, 0x0a, 0x96, 0xef, 0x3c,
  0x55, 0x1a, 0x17, 0x6b, 0x9b, 0xf0, 0x7f, 0xb4, 0xee, 0x5a, 0xdb, 0xa0,
  0x30, 0x9e, 0x88, 0x29, 0xa1, 0x1f, 0xde, 0xda, 0xba, 0xf3, 0x1e, 0xe4,
  0x88, 0x84, 0xa3, 0xa9, 0x54, 0xd5, 0x69, 0x1f, 0x6c, 0xe0, 0xda, 0x56,
  0xb6, 0x2f, 0x8e, 0x71, 0xbe, 0x0a, 0xff, 0x1f, 0x8f, 0x97, 0xf0, 0x0f,
  0x5a, 0x7b, 0x84, 0xee, 0xb4, 0xc5, 0xc3, 0xd5, 0x9a, 0xc1, 0x2d, 0x55,
  0x5d, 0x85, 0x59, 0x35, 0xe8, 0x5b, 0xea, 0x01, 0xcb, 0x89, 0x5d, 0x62,
  0xc2, 0x27, 0x88, 0x23, 0x6a, 0xbf, 0x0a, 0x2a, 0xdb, 0x80, 0x6a, 0xaa,
  0x6d, 0x2b, 0x69, 0xdf, 0xd0, 0x98, 0xe3, 0xe1, 0x93, 0x1d, 0x95, 0x8c,
  0x1b, 0xd3, 0x93, 0xf0, 0xee, 0xd6, 0x06, 0x2b, 0x03, 0xa4, 0x8a, 0xf4,
  0x24, 0xf4, 0xa8, 0xfc, 0x49, 0x3e, 0x3b, 0xae, 0xb6, 0xc3, 0x59, 0xe9,
  0xad, 0xe7, 0x2e, 0x6a, 0xe3, 0xb9, 0x61, 0x13, 0x49, 0x74, 0xfc, 0xcb,
  0x17, 0x9a, 0x2f, 0xdd, 0xe3, 0xef, 0xf3, 0xf7, 0xdf, 0xe3, 0x8f, 0x2d,
  0x1f, 0x02, 0x8c, 0x81, 0x40, 0xcd, 0x47, 0x4a, 0x67, 0x43, 0xd0, 0xad,
  0x1a, 0x2c, 0x66, 0x6d, 0xcd, 0x36, 0x4f, 0x22, 0x00, 0x61, 0x87, 0x7e,
  0x5f, 0xdd, 0xc8, 0x76, 0x4e, 0x3d, 0x34, 0x3d, 0xbe, 0xc1, 0x31, 0x25,
  0xbb, 0x7c, 0x95, 0xdd, 0x75, 0x90, 0xbf, 0x3e, 0xb1, 0x7d, 0xfc, 0x94,
  0xe3, 0x57, 0xed, 0x4c, 0x53, 0xfe, 0xeb, 0x2a, 0x61, 0x97, 0x19, 0xd8,
  0xa7, 0xf9, 0xba, 0x09, 0x7d, 0x2e, 0xe1, 0xf7, 0x3d, 0x43, 0xc6, 0x59,
  0x63, 0x75, 0xd6, 0x25, 0x08, 0x81, 0x72, 0xf8, 0x7f, 0x2e, 0xed, 0xbd,
  0x0d, 0x6f, 0x9b, 0xf0, 0xff, 0x4e, 0x1c, 0x21, 0x28, 0xe1, 0x17, 0xd1,
  0xff, 0xcb, 0x03, 0x7b, 0x4a, 0x11, 0xe3, 0xe4, 0x02, 0x3e, 0x7d, 0x29,
  0xd3, 0xd4, 0x63, 0x5a, 0x90, 0x22, 0x92, 0x17, 0xde, 0x99, 0xbe, 0x5c,
  0x7a, 0xb9, 0xd0, 0x97, 0xff, 0x2e, 0x17, 0x5a, 0x56, 0x41, 0x12, 0x2c,
  0xf3, 0x19, 0x32, 0x2a, 0x91, 0x33, 0x10, 0x49, 0xc5, 0xa4, 0x0d, 0x9e,
  0x49, 0x49, 0x0a, 0x36, 0x04, 0x3d, 0x22, 0x4e, 0xc1, 0x55, 0x28, 0xad,
  0x29, 0x4b, 0x45, 0x64, 0x8a, 0x6d, 0x25, 0x45, 0x62, 0x33, 0x7f, 0xe2,
  0xad, 0x44, 0xa4, 0x9b, 0xce, 0xa8, 0x20, 0xcb, 0x6a, 0x47, 0x09, 0x32,
  0xe9, 0x53, 0x12, 0xb4, 0xcb, 0x88, 0x5d, 0x5a, 0x27, 0x96, 0x82, 0xd5,
  0xaa, 0xb5, 0xb9, 0x91, 0x51, 0xec, 0xb9, 0x48, 0x2a, 0xbf, 0x14, 0x81,
  0xd5, 0x4e, 0xcb, 0x51, 0x42, 0xee, 0xd2, 0x1a, 0x21, 0x76, 0x45, 0xfd,
  0xee, 0x09, 0x98, 0xbe, 0x14, 0x6a, 0x81, 0x7a, 0x82, 0x73, 0x72, 0xc9,
  0x04, 0x4c, 0x3f, 0xbf, 0x5d, 0xa4, 0x4a, 0xdd, 0xc9, 0x90, 0xf3, 0x5c,
  0x8c, 0x8e, 0x61, 0xd6, 0x05, 0x94, 0x60, 0x4a, 0x8a, 0xe5, 0x65, 0x2e,
  0xad, 0x08, 0x53, 0x4d, 0xb7, 0xb3, 0xd8, 0x0d, 0x2d, 0x70, 0x8c, 0x32,
  0xec, 0x2d, 0x9b, 0xf1, 0xf0, 0x73, 0x11, 0x92, 0xbe, 0x79, 0xf2, 0x8c,
  0x55, 0x84, 0x70, 0x22, 0x40, 0x8f, 0x6a, 0x66, 0xd5, 0x5a, 0x9b, 0x76,
  0x53, 0xad, 0xba, 0xbd, 0xf1, 0x52, 0x2d, 0x4e, 0x73, 0x04, 0xc3, 0x14,
  0xdf, 0x55, 0x8a, 0x23, 0x4b, 0x58, 0xc5, 0x13, 0x74, 0xe7, 0x97, 0x24,
  0xbf, 0x7f, 0x16, 0xc7, 0x95, 0xfb, 0x8f, 0x2f, 0xda, 0xc1, 0xe4, 0x97,
  0x82, 0xdc, 0xfd, 0x47, 0xc4, 0x29, 0xb8, 0x0a, 0x85, 0xb7, 0x98, 0x5f,
  0xc5, 0x10, 0x47, 0x96, 0xd2, 0x2e, 0x65, 0xc5, 0x3e, 0x58, 0x23, 0x8e,
  0x81, 0xb3, 0x15, 0xe4, 0xd7, 0x22, 0x91, 0x8d, 0x23, 0x82, 0x14, 0x91,
  0xbc, 0xb4, 0x52, 0x4c, 0xf1, 0x80, 0xce, 0x4a, 0xd0, 0x1c, 0xdb, 0x3e,
  0xc4, 0x42, 0x95, 0x5c, 0x96, 0xc8, 0xaf, 0x45, 0xf8, 0x40, 0x8f, 0x08,
  0x52, 0x44, 0xf2, 0xc2, 0x7a, 0xf1, 0x5b, 0x02, 0x45, 0x67, 0x6c, 0xce,
  0x42, 0xae, 0xaa, 0x47, 0x5f, 0xcb, 0xd0, 0x32, 0xb1, 0xf3, 0xe4, 0x41,
  0x7a, 0x88, 0x0a, 0x4c, 0x6c, 0x83, 0xda, 0x1e, 0x61, 0x00, 0x1b, 0xa6,
  0x7b, 0x98, 0xa3, 0x95, 0x10, 0x18, 0xbf, 0x15, 0x83, 0xd1, 0x45, 0xb0,
  0x1b, 0xda, 0x89, 0x9e, 0x20, 0xb0, 0x3c, 0x56, 0xac, 0xe2, 0x8a, 0xc3,
  0x01, 0x0c, 0xb3, 0x8a, 0x0d, 0xad, 0xeb, 0x9a, 0xaa, 0x97, 0xb4, 0x01,
  0x56, 0xc3, 0xba, 0x4d, 0x8d, 0x7e, 0xd6, 0x0c, 0x8e, 0xd5, 0x1e, 0xf5,
  0x5a, 0xeb, 0xf8, 0x10, 0xa5, 0x1e, 0x91, 0xaa, 0x1a, 0x30, 0x3b, 0x5d,
  0x51, 0x49, 0x4d, 0xdd, 0x10, 0x65, 0x09, 0x81, 0x27, 0x3c, 0x50, 0x16,
  0xe1, 0x6e, 0x8d, 0xd2, 0x9e, 0x4b, 0x69, 0x4c, 0x6b, 0x51, 0x57, 0x13,
  0xee, 0xec, 0x10, 0xa8, 0x31, 0xe1, 0x4b, 0x8b, 0xdf, 0x7b, 0x09, 0x3c,
  0x61, 0xc2, 0x60, 0x7a, 0xf4, 0x50, 0x0e, 0x5d, 0x3a, 0x31, 0x3e, 0x3c,
  0x03, 0x67, 0x38, 0x25, 0x99, 0x49, 0x74, 0xbf, 0xfc, 0x4d, 0x2c, 0x7e,
  0xcf, 0x13, 0xf9, 0x57, 0xd4, 0xa4, 0x51, 0x99, 0xbc, 0xdd, 0xc8, 0x46,
  0x0a, 0x5c, 0xa6, 0x8d, 0xc8, 0x51, 0x59, 0x4a, 0xc9, 0x5f, 0x7a, 0x2b,
  0x14, 0x6b, 0x2b, 0x48, 0xaa, 0xcc, 0x40, 0x76, 0x2c, 0x17, 0xa0, 0x65,
  0x44, 0xd1, 0xd9, 0x01, 0x85, 0x86, 0x28, 0x57, 0xb2, 0xfd, 0xd3, 0x50,
  0x09, 0x0f, 0xde, 0x5a, 0x6a, 0x69, 0xdb, 0xf7, 0x89, 0x10, 0x7b, 0x4e,
  0x88, 0x2f, 0xc4, 0x58, 0xb9, 0xca, 0xd4, 0x61, 0x90, 0xa2, 0x90, 0xb0,
  0x67, 0x83, 0xd4, 0xd0, 0x3f, 0xa4, 0x8d, 0xb4, 0x4a, 0xfb, 0x92, 0x1f,
  0xac, 0x29, 0x50, 0xf4, 0x54, 0x6b, 0x31, 0xb5, 0xb0, 0x19, 0x9c, 0x3d,
  0x65, 0x85, 0xdb, 0x8a, 0xb7, 0xb3, 0x47, 0x65, 0x9b, 0xad, 0xab, 0x7f,
  0xfc, 0xf1, 0x3f, 0xfe, 0x3f, 0xd7, 0xf7, 0xb8, 0x4d, 0x6e, 0x5f, 0x02,
  0x00
};
z_const size_t kShortNumberMetaDataCompressedLength = sizeof(kShortNumberMetaData);
z_const size_t kShortNumberMetaDataExpandedLength = 155502;
